Basin,Amin_Type,Station,Num_Data_Points,Loc_Param,Scale_Param,Shape_Param,Rate_Param,Threshold_Param,MeanLog_Param,SdLog_Param,Zeta_Param,Alpha_Param,Kappa_Param,RP_1.11_yr,RP_2_yr,RP_5_yr,RP_10_yr,RP_20_yr,RP_25_yr,RP_50_yr,RP_100_yr
Sabah,amin_1Q,0750011SF,30,NA,NA,NA,NA,NA,2.581,0.33,NA,NA,NA,20,13,10,9,8,7,7,6
Sabah,amin_1Q,0750051SF,13,-2.971,3.93,-1.327,NA,NA,NA,NA,NA,NA,NA,9,2,0,0,0,0,0,0
Sabah,amin_1Q,1040091SF,51,NA,NA,NA,NA,NA,6.078,NA,-409.949,NA,NA,46,26,13,7,2,0,-4,-8
Sabah,amin_1Q,1040391SF,13,NA,NA,NA,NA,NA,1.668,0.614,NA,NA,NA,12,5,3,2,2,2,2,1
Sabah,amin_1Q,1160031SF,35,NA,NA,NA,NA,NA,2.575,NA,-8.16,NA,NA,10,5,3,2,1,1,0,-1
Sabah,amin_1Q,1160091SF,52,NA,NA,0.847,0.036,NA,NA,NA,NA,NA,NA,57,15,4,2,1,1,0,0
Sabah,amin_1Q,1160161SF,26,NA,NA,NA,NA,NA,-1.355,NA,-0.171,NA,NA,0,0,0,0,0,0,0,0
Sabah,amin_1Q,1280011SF,33,NA,NA,NA,NA,NA,1.122,0.465,NA,NA,NA,6,3,2,2,1,1,1,1
Sabah,amin_1Q,1390021SF,20,NA,NA,0.691,0.854,NA,NA,NA,NA,NA,NA,2,0,0,0,0,0,0,0
Sabah,amin_1Q,1400031SF,50,NA,NA,2.241,0.401,NA,NA,NA,NA,NA,NA,11,5,2,2,1,1,1,1
Sabah,amin_1Q,1400041SF,52,NA,NA,NA,NA,NA,3.589,NA,-30.878,NA,NA,9,5,3,2,1,1,0,-1
Sabah,amin_1Q,1460211SF,51,NA,NA,NA,NA,NA,2.771,NA,-0.87,NA,NA,33,15,9,7,5,5,4,3
Sabah,amin_1Q,1460281SF,39,-37.938,22.694,-0.592,NA,NA,NA,NA,NA,NA,NA,63,30,15,10,6,5,3,2
Sabah,amin_1Q,1460521SF,24,NA,NA,NA,NA,NA,2.622,NA,-3.662,NA,NA,19,10,6,5,4,3,3,2
Sabah,amin_1Q,1460561SF,20,NA,NA,NA,NA,NA,2.497,NA,-10.674,NA,NA,3,1,1,0,0,0,0,-1
Sarawak,amin_1Q,1015401,27,NA,NA,NA,NA,NA,-7.01,NA,0,NA,NA,0,0,0,0,0,0,0,0
Sarawak,amin_1Q,1301427,15,NA,NA,NA,NA,NA,-0.31,3.097,NA,NA,NA,39,1,0,0,0,0,0,0
Sarawak,amin_1Q,1302428,26,NA,NA,NA,NA,NA,1.568,0.963,NA,NA,NA,17,5,2,1,1,1,1,1
Sarawak,amin_1Q,1415401,31,NA,NA,NA,NA,NA,1.568,0.754,NA,NA,NA,13,5,3,2,1,1,1,1
Sarawak,amin_1Q,1515401,25,-18.761,6.053,-0.54,NA,NA,NA,NA,NA,NA,NA,25,17,13,11,10,10,9,8
Sarawak,amin_1Q,3541401,24,-5.362,10.615,-1.98,NA,NA,NA,NA,NA,NA,NA,28,3,0,0,0,0,0,0
SG BERNAM,amin_1Q,0190211SF,63,NA,NA,NA,NA,NA,1.1,NA,-0.429,NA,NA,6,3,1,1,1,1,0,0
SG BERNAM,amin_1Q,0190241SF,64,NA,NA,NA,NA,NA,3.207,NA,-18.607,NA,NA,13,6,2,1,-1,-1,-2,-3
SG BERNAM,amin_1Q,0190251SF,62,NA,NA,11.142,0.676,NA,NA,NA,NA,NA,NA,23,16,12,11,9,9,8,7
SG BERNAM,amin_1Q,0190621SF,12,NA,NA,NA,NA,NA,3.529,NA,-29.268,NA,NA,9,5,2,1,0,0,-1,-2
SG BERNAM,amin_1Q,0190631SF,12,-14.499,2.312,0,NA,NA,NA,NA,NA,NA,NA,16,14,11,9,8,7,5,4
SG DUNGUN,amin_1Q,0630111SF,51,NA,NA,NA,NA,NA,8.548,NA,-5128.904,NA,NA,48,26,12,5,-2,-3,-8,-13
SG ENDAU,amin_1Q,0500171SF,55,NA,NA,NA,NA,NA,0.611,NA,-0.186,NA,NA,3,2,1,1,1,1,0,0
SG ENDAU,amin_1Q,0500221SF,25,NA,NA,NA,NA,NA,1.528,NA,-1.999,NA,NA,9,3,1,0,-1,-1,-1,-1
SG ENDAU,amin_1Q,0500291SF,47,NA,NA,0.405,0.069,NA,NA,NA,NA,NA,NA,17,2,0,0,0,0,0,0
SG GOLOK,amin_1Q,0740121SF,60,NA,NA,NA,NA,NA,1.697,1.086,NA,NA,NA,22,5,2,1,1,1,1,0
SG JOHOR,amin_1Q,0430211SF,55,NA,NA,NA,NA,NA,3.86,NA,-40.594,NA,NA,12,7,4,3,1,1,0,-1
SG JOHOR,amin_1Q,0430341SF,48,NA,NA,NA,NA,NA,1.478,NA,-2.045,NA,NA,5,2,1,1,0,0,0,0
SG KELANTAN,amin_1Q,0730351SF,62,NA,NA,NA,NA,NA,6.753,NA,-727.852,NA,NA,217,129,76,50,28,22,5,-10
SG KEMAMAN,amin_1Q,0600081SF,48,-9.846,5.968,-0.733,NA,NA,NA,NA,NA,NA,NA,17,8,4,3,3,2,2,2
SG KEMAMAN,amin_1Q,0600171SF,23,NA,NA,1.297,0.172,NA,NA,NA,NA,NA,NA,16,6,2,1,1,1,0,0
SG KEMAMAN,amin_1Q,0600181SF,23,-0.479,0.511,0,NA,NA,NA,NA,NA,NA,NA,1,0,0,-1,-1,-1,-2,-2
SG KERIAN,amin_1Q,0090211SF,61,NA,NA,NA,NA,NA,3.112,NA,-13.894,NA,NA,17,9,5,3,1,1,0,-1
SG KESANG,amin_1Q,0310011SF,65,-0.358,0.278,-0.817,NA,NA,NA,NA,NA,NA,NA,1,0,0,0,0,0,0,0
SG KIMANIS,amin_1Q,1410031SF,9,NA,NA,NA,NA,NA,1.036,NA,-1.947,NA,NA,2,1,0,0,0,0,0,0
SG KINABATANGAN,amin_1Q,1040131SF,41,NA,NA,NA,NA,NA,4.845,NA,-74.957,NA,NA,96,52,30,20,12,10,5,0
SG KINABATANGAN,amin_1Q,1040181SF,35,NA,NA,NA,NA,NA,3.937,NA,-16.361,NA,NA,67,35,21,15,11,10,7,5
SG KINABATANGAN,amin_1Q,1160281SF,20,NA,NA,NA,NA,NA,3.324,NA,3.635,NA,NA,43,31,26,23,21,21,19,18
SG KLANG,amin_1Q,0230291SF,51,NA,NA,NA,NA,NA,1.565,NA,-2.749,NA,NA,5,2,1,0,0,0,-1,-1
SG KLANG,amin_1Q,0230311SF,53,NA,NA,0.606,0.407,NA,NA,NA,NA,NA,NA,4,1,0,0,0,0,0,0
SG KLANG,amin_1Q,0230361SF,50,NA,NA,NA,NA,NA,1.987,NA,-0.405,NA,NA,23,7,3,2,1,1,1,0
SG KRIAN,amin_1Q,1813401,21,NA,NA,0.579,3.225,NA,NA,NA,NA,NA,NA,0,0,0,0,0,0,0,0
SG KUANTAN,amin_1Q,0570011SF,44,NA,NA,NA,NA,NA,3.01,NA,-14.399,NA,NA,14,6,2,0,-1,-2,-3,-3
SG LANGAT,amin_1Q,0240251SF,62,NA,NA,NA,NA,NA,3.84,NA,-40.05,NA,NA,11,6,4,2,1,1,0,-1
SG LANGAT,amin_1Q,0240261SF,46,NA,NA,NA,NA,NA,0.829,0.851,NA,NA,NA,7,2,1,1,1,1,0,0
SG LANGAT,amin_1Q,0240311SF,59,NA,NA,NA,NA,NA,-0.2,NA,-0.21,NA,NA,1,1,0,0,0,0,0,0
SG LANGAT,amin_1Q,0240351SF,51,NA,NA,2.039,0.89,NA,NA,NA,NA,NA,NA,4,2,1,1,0,0,0,0
SG LANGAT,amin_1Q,0240491SF,11,NA,NA,NA,NA,NA,0.443,NA,12.866,NA,NA,24,14,13,13,13,13,13,13
SG LINGGI,amin_1Q,0270171SF,65,NA,NA,NA,NA,NA,1.789,NA,-2.78,NA,NA,9,3,1,0,0,0,-1,-1
SG LINGGI,amin_1Q,0270181SF,49,NA,NA,NA,NA,NA,-0.574,NA,-0.087,NA,NA,2,0,0,0,0,0,0,0
SG LINGGI,amin_1Q,0270191SF,58,NA,NA,NA,NA,NA,-0.949,1.117,NA,NA,NA,2,0,0,0,0,0,0,0
SG LINGGI,amin_1Q,0270241SF,11,NA,NA,NA,NA,NA,-3.088,1.297,NA,NA,NA,0,0,0,0,0,0,0,0
SG LINGGI,amin_1Q,0270311SF,23,NA,NA,0.367,0.106,NA,NA,NA,NA,NA,NA,10,1,0,0,0,0,0,0
SG MELAKA,amin_1Q,0290141SF,64,NA,NA,NA,NA,NA,-0.392,1.437,NA,NA,NA,4,1,0,0,0,0,0,0
SG MELAKA,amin_1Q,0290161SF,49,NA,NA,NA,NA,NA,-2.061,1.084,NA,NA,NA,1,0,0,0,0,0,0,0
SG MERANG,amin_1Q,0680091SF,45,-0.233,0.129,-0.583,NA,NA,NA,NA,NA,NA,NA,0,0,0,0,0,0,0,0
SG MUAR,amin_1Q,0320461SF,50,NA,NA,NA,NA,NA,0.829,NA,-1.01,NA,NA,3,1,0,0,0,0,0,0
SG MUAR,amin_1Q,0320471SF,60,NA,NA,NA,NA,NA,1.861,NA,-3.531,NA,NA,8,3,1,0,-1,-1,-1,-1
SG MUAR,amin_1Q,0320481SF,58,NA,NA,NA,NA,NA,-0.167,3.947,NA,NA,NA,136,1,0,0,0,0,0,0
SG MUAR,amin_1Q,0320651SF,10,NA,NA,2.603,1.188,NA,NA,NA,NA,NA,NA,4,2,1,1,1,0,0,0
SG MUAR,amin_1Q,0320851SF,15,NA,NA,NA,NA,NA,0.997,NA,-0.985,NA,NA,7,2,0,0,0,0,-1,-1
SG MUDA,amin_1Q,0050011SF,64,NA,NA,NA,NA,NA,2.876,NA,-6.246,NA,NA,33,12,4,2,0,0,-1,-2
SG MUDA,amin_1Q,0050181SF,61,NA,NA,NA,NA,NA,1.353,NA,-0.011,NA,NA,16,4,2,1,1,1,0,0
SG MUDA,amin_1Q,0050301SF,38,NA,NA,NA,NA,NA,1.432,0.871,NA,NA,NA,13,4,2,1,1,1,1,1
SG PAHANG,amin_1Q,0550801SF,62,NA,NA,NA,NA,NA,1.159,NA,-1.667,NA,NA,4,2,0,0,0,0,-1,-1
SG PAHANG,amin_1Q,0550811SF,62,-5.764,2.044,0,NA,NA,NA,NA,NA,NA,NA,7,5,3,1,0,-1,-2,-4
SG PAHANG,amin_1Q,0550981SF,58,NA,NA,NA,NA,NA,5.018,NA,-18.572,NA,NA,271,133,80,60,47,44,35,28
SG PAHANG,amin_1Q,0551071SF,60,NA,NA,NA,NA,NA,2.895,1.039,NA,NA,NA,69,18,8,5,3,3,2,2
SG PAHANG,amin_1Q,0551111SF,55,NA,NA,NA,NA,NA,2.519,NA,-10.141,NA,NA,4,2,1,1,0,0,0,-1
SG PAHANG,amin_1Q,0551251SF,51,-2.53,2.656,-1.054,NA,NA,NA,NA,NA,NA,NA,6,2,1,0,0,0,0,0
SG PERAI,amin_1Q,0060111SF,62,NA,NA,NA,NA,NA,1.431,NA,-2.551,NA,NA,3,2,1,0,0,0,0,0
SG PERAK,amin_1Q,0180691SF,17,-1.832,0.424,-0.058,NA,NA,NA,NA,NA,NA,NA,2,2,1,1,1,1,0,0
SG PERAK,amin_1Q,0180721SF,57,NA,NA,NA,NA,NA,4.234,NA,-47.666,NA,NA,46,21,9,3,-1,-2,-6,-8
SG PERAK,amin_1Q,0180761SF,57,NA,NA,NA,NA,NA,0.696,NA,-0.816,NA,NA,3,1,0,0,0,0,0,0
SG PERAK,amin_1Q,0180771SF,60,-2.351,2.101,-0.892,NA,NA,NA,NA,NA,NA,NA,5,2,1,0,0,0,0,0
SG PERAK,amin_1Q,0180781SF,65,-122.137,62.556,-0.548,NA,NA,NA,NA,NA,NA,NA,189,101,58,41,30,28,21,17
SG PERAK,amin_1Q,0180791SF,57,NA,NA,NA,NA,NA,4.385,NA,-67.66,NA,NA,21,13,8,5,3,3,1,0
SG PERAK,amin_1Q,0180821SF,64,NA,NA,NA,NA,NA,1.887,NA,-2.074,NA,NA,13,5,2,1,0,0,0,-1
SG PERAK,amin_1Q,0180961SF,54,NA,NA,1.087,0.307,NA,NA,NA,NA,NA,NA,8,3,1,0,0,0,0,0
SG PERAK,amin_1Q,0181051SF,48,NA,NA,NA,NA,NA,3.442,NA,-6.436,NA,NA,47,25,16,12,9,9,7,5
SG PERAK,amin_1Q,0181111SF,43,NA,NA,NA,NA,NA,1.915,NA,-3.952,NA,NA,7,3,1,0,0,0,-1,-1
SG PERLIS,amin_1Q,0010311SF,37,NA,NA,NA,NA,NA,-1.105,NA,-0.209,NA,NA,0,0,0,0,0,0,0,0
SG PERLIS,amin_1Q,0010381SF,23,NA,NA,1.012,5.174,NA,NA,NA,NA,NA,NA,0,0,0,0,0,0,0,0
SG SADONG,amin_1Q,1004438,28,NA,NA,1.735,0.368,NA,NA,NA,NA,NA,NA,10,4,2,1,1,1,0,0
SG SADONG,amin_1Q,1005447,14,NA,NA,NA,NA,NA,1.007,NA,0.164,NA,NA,6,3,2,1,1,1,1,1
SG SADONG,amin_1Q,1108401,27,NA,NA,NA,NA,NA,-12.436,6.68,NA,NA,NA,0,0,0,0,0,0,0,0
SG SADONG,amin_1Q,1790191SF,33,-4.778,3.274,0,NA,NA,NA,NA,NA,NA,NA,8,4,0,-3,-5,-6,-8,-10
SG SADONG,amin_1Q,1790201SF,35,NA,NA,NA,NA,NA,5.354,NA,-205.194,NA,NA,8,6,5,4,4,3,3,3
SG SADONG,amin_1Q,1790241SF,34,-1.517,1.99,-1.321,NA,NA,NA,NA,NA,NA,NA,5,1,0,0,0,0,0,0
SG SEDELI BESAR,amin_1Q,0470181SF,19,NA,NA,NA,NA,NA,0.373,NA,-0.257,NA,NA,2,1,1,1,1,0,0,0
SG SELANGOR,amin_1Q,0210241SF,65,-20.674,6.165,0,NA,NA,NA,NA,NA,NA,NA,26,18,11,7,2,1,-3,-8
SG SELANGOR,amin_1Q,0210341SF,15,-5.666,0.98,0.359,NA,NA,NA,NA,NA,NA,NA,6,5,4,2,0,0,-3,-6
SG SELANGOR,amin_1Q,0210631SF,11,NA,NA,NA,NA,NA,2.701,NA,-2.003,NA,NA,22,13,9,7,6,6,5,4
SG TERENGGANU,amin_1Q,0670151SF,59,NA,NA,2.369,0.026,NA,NA,NA,NA,NA,NA,168,77,41,28,19,17,12,9
SG TERENGGANU,amin_1Q,0670271SF,43,NA,NA,5.694,0.623,NA,NA,NA,NA,NA,NA,14,9,6,5,4,4,3,3
SG TERENGGANU,amin_1Q,0670311SF,19,-4.344,1.028,-0.025,NA,NA,NA,NA,NA,NA,NA,5,4,3,2,1,1,1,0
SG. BESUT,amin_1Q,0700071SF,44,NA,NA,NA,NA,NA,1.292,NA,-0.633,NA,NA,12,3,1,0,0,0,0,0
Sabah,amin_4Q,0750011SF,30,NA,NA,NA,NA,NA,2.53,NA,1.766,NA,NA,22,14,11,9,8,8,8,7
Sabah,amin_4Q,0750051SF,13,NA,NA,NA,NA,NA,1.018,NA,-0.472,NA,NA,9,2,1,0,0,0,0,0
Sabah,amin_4Q,1040091SF,51,NA,NA,NA,NA,NA,6.213,NA,-469.214,NA,NA,52,30,16,9,3,2,-3,-7
Sabah,amin_4Q,1040391SF,13,NA,NA,NA,NA,NA,1.731,0.566,NA,NA,NA,12,6,4,3,2,2,2,2
Sabah,amin_4Q,1160031SF,35,NA,NA,NA,NA,NA,2.543,NA,-7.034,NA,NA,11,6,3,2,1,1,1,0
Sabah,amin_4Q,1160091SF,52,NA,NA,0.876,0.034,NA,NA,NA,NA,NA,NA,62,17,5,2,1,1,0,0
Sabah,amin_4Q,1160161SF,26,NA,NA,NA,NA,NA,-0.935,NA,-0.292,NA,NA,0,0,0,0,0,0,0,0
Sabah,amin_4Q,1280011SF,33,NA,NA,NA,NA,NA,1.351,NA,-0.543,NA,NA,6,3,2,2,1,1,1,1
Sabah,amin_4Q,1390021SF,20,NA,NA,0.796,0.89,NA,NA,NA,NA,NA,NA,2,1,0,0,0,0,0,0
Sabah,amin_4Q,1400031SF,50,NA,NA,2.298,0.382,NA,NA,NA,NA,NA,NA,11,5,3,2,1,1,1,1
Sabah,amin_4Q,1400041SF,52,NA,NA,NA,NA,NA,3.802,NA,-38.952,NA,NA,10,6,3,2,1,1,0,-1
Sabah,amin_4Q,1460211SF,51,NA,NA,NA,NA,NA,2.877,NA,-1.365,NA,NA,35,16,10,7,6,5,4,3
Sabah,amin_4Q,1460281SF,39,NA,NA,2.587,0.063,NA,NA,NA,NA,NA,NA,75,36,19,14,10,9,6,5
Sabah,amin_4Q,1460521SF,24,NA,NA,NA,NA,NA,2.723,NA,-4.244,NA,NA,20,11,7,5,4,4,3,2
Sabah,amin_4Q,1460561SF,20,NA,NA,NA,NA,NA,3.742,NA,-40.488,NA,NA,3,2,1,0,0,0,0,-1
Sarawak,amin_4Q,1015401,27,NA,NA,NA,NA,NA,-4.722,NA,-0.001,NA,NA,0,0,0,0,0,0,0,0
Sarawak,amin_4Q,1301427,15,NA,NA,NA,NA,NA,1.676,1.323,NA,NA,NA,29,5,2,1,1,1,0,0
Sarawak,amin_4Q,1302428,26,NA,NA,NA,NA,NA,1.708,0.855,NA,NA,NA,17,6,3,2,1,1,1,1
Sarawak,amin_4Q,1415401,31,NA,NA,NA,NA,NA,1.648,0.756,NA,NA,NA,14,5,3,2,1,1,1,1
Sarawak,amin_4Q,1515401,25,-19.118,6.591,-0.686,NA,NA,NA,NA,NA,NA,NA,27,17,13,12,11,11,10,10
Sarawak,amin_4Q,3541401,24,-9.183,14.985,-1.644,NA,NA,NA,NA,NA,NA,NA,36,5,1,0,0,0,0,0
SG BERNAM,amin_4Q,0190211SF,63,NA,NA,NA,NA,NA,1.178,NA,-0.405,NA,NA,6,3,2,1,1,1,1,0
SG BERNAM,amin_4Q,0190241SF,64,NA,NA,NA,NA,NA,3.267,NA,-19.918,NA,NA,13,6,3,1,-1,-1,-2,-3
SG BERNAM,amin_4Q,0190251SF,62,NA,NA,11.061,0.647,NA,NA,NA,NA,NA,NA,24,17,13,11,10,9,8,7
SG BERNAM,amin_4Q,0190621SF,12,-8.09,2.228,0.12,NA,NA,NA,NA,NA,NA,NA,10,7,4,2,0,-1,-3,-6
SG BERNAM,amin_4Q,0190631SF,12,-16.194,2.215,0,NA,NA,NA,NA,NA,NA,NA,18,15,13,11,10,9,8,6
SG DUNGUN,amin_4Q,0630111SF,51,NA,NA,NA,NA,NA,6.377,NA,-560.641,NA,NA,51,27,13,5,-1,-3,-8,-13
SG ENDAU,amin_4Q,0500171SF,55,NA,NA,NA,NA,NA,0.601,NA,-0.094,NA,NA,4,2,1,1,1,1,0,0
SG ENDAU,amin_4Q,0500221SF,25,NA,NA,NA,NA,NA,1.897,NA,-3.442,NA,NA,9,3,1,0,-1,-1,-1,-1
SG ENDAU,amin_4Q,0500291SF,47,-6.056,7.258,-1.232,NA,NA,NA,NA,NA,NA,NA,17,4,1,1,0,0,0,0
SG GOLOK,amin_4Q,0740121SF,60,NA,NA,NA,NA,NA,1.781,1.062,NA,NA,NA,23,6,2,2,1,1,1,1
SG JOHOR,amin_4Q,0430211SF,55,NA,NA,NA,NA,NA,4.357,NA,-70.293,NA,NA,13,8,5,3,2,2,1,0
SG JOHOR,amin_4Q,0430341SF,48,NA,NA,NA,NA,NA,1.888,NA,-3.95,NA,NA,5,3,1,1,0,0,0,0
SG KELANTAN,amin_4Q,0730351SF,62,NA,NA,NA,NA,NA,6.62,NA,-615.581,NA,NA,225,134,80,54,32,26,9,-6
SG KEMAMAN,amin_4Q,0600081SF,48,NA,NA,3.068,0.319,NA,NA,NA,NA,NA,NA,17,9,5,4,3,2,2,1
SG KEMAMAN,amin_4Q,0600171SF,23,NA,NA,1.407,0.174,NA,NA,NA,NA,NA,NA,17,6,3,1,1,1,0,0
SG KEMAMAN,amin_4Q,0600181SF,23,-0.489,0.519,0,NA,NA,NA,NA,NA,NA,NA,1,0,0,-1,-1,-1,-2,-2
SG KERIAN,amin_4Q,0090211SF,61,-10.939,5.923,-0.511,NA,NA,NA,NA,NA,NA,NA,17,9,5,3,2,2,1,0
SG KESANG,amin_4Q,0310011SF,65,NA,NA,NA,NA,NA,-0.97,NA,-0.088,NA,NA,1,0,0,0,0,0,0,0
SG KIMANIS,amin_4Q,1410031SF,9,NA,NA,NA,NA,NA,-0.153,0.673,NA,NA,NA,2,1,0,0,0,0,0,0
SG KINABATANGAN,amin_4Q,1040131SF,41,NA,NA,NA,NA,NA,4.6,NA,-42.212,NA,NA,110,57,33,23,16,14,8,4
SG KINABATANGAN,amin_4Q,1040181SF,35,NA,NA,NA,NA,NA,3.943,NA,-12.87,NA,NA,76,39,23,17,13,12,9,6
SG KINABATANGAN,amin_4Q,1160281SF,20,NA,NA,13.157,0.378,NA,NA,NA,NA,NA,NA,48,34,27,23,21,20,18,16
SG KLANG,amin_4Q,0230291SF,51,NA,NA,NA,NA,NA,1.757,NA,-3.538,NA,NA,6,2,1,0,0,0,-1,-1
SG KLANG,amin_4Q,0230311SF,53,NA,NA,0.748,0.458,NA,NA,NA,NA,NA,NA,4,1,0,0,0,0,0,0
SG KLANG,amin_4Q,0230361SF,50,NA,NA,NA,NA,NA,2.043,NA,-0.056,NA,NA,24,8,4,2,2,2,1,1
SG KRIAN,amin_4Q,1813401,21,NA,NA,0.822,3.672,NA,NA,NA,NA,NA,NA,1,0,0,0,0,0,0,0
SG KUANTAN,amin_4Q,0570011SF,44,NA,NA,NA,NA,NA,3.143,NA,-16.837,NA,NA,15,6,2,0,-1,-1,-3,-3
SG LANGAT,amin_4Q,0240251SF,62,NA,NA,NA,NA,NA,3.53,NA,-26.803,NA,NA,12,7,4,3,2,2,1,0
SG LANGAT,amin_4Q,0240261SF,46,NA,NA,NA,NA,NA,0.935,0.82,NA,NA,NA,7,3,1,1,1,1,0,0
SG LANGAT,amin_4Q,0240311SF,59,NA,NA,2.578,3.231,NA,NA,NA,NA,NA,NA,1,1,0,0,0,0,0,0
SG LANGAT,amin_4Q,0240351SF,51,NA,NA,NA,NA,NA,0.618,0.747,NA,NA,NA,5,2,1,1,1,1,0,0
SG LANGAT,amin_4Q,0240491SF,11,NA,NA,NA,NA,NA,2.91,0.342,NA,NA,NA,29,18,14,12,10,10,9,8
SG LINGGI,amin_4Q,0270171SF,65,NA,NA,NA,NA,NA,1.854,NA,-2.931,NA,NA,9,3,1,0,0,0,-1,-1
SG LINGGI,amin_4Q,0270181SF,49,NA,NA,NA,NA,NA,-0.415,NA,-0.106,NA,NA,2,1,0,0,0,0,0,0
SG LINGGI,amin_4Q,0270191SF,58,NA,NA,NA,NA,NA,-0.901,NA,0.014,NA,NA,2,0,0,0,0,0,0,0
SG LINGGI,amin_4Q,0270241SF,11,-0.089,0.121,-1.539,NA,NA,NA,NA,NA,NA,NA,0,0,0,0,0,0,0,0
SG LINGGI,amin_4Q,0270311SF,23,NA,NA,0.432,0.115,NA,NA,NA,NA,NA,NA,11,1,0,0,0,0,0,0
SG MELAKA,amin_4Q,0290141SF,64,NA,NA,NA,NA,NA,-0.23,1.346,NA,NA,NA,4,1,0,0,0,0,0,0
SG MELAKA,amin_4Q,0290161SF,49,NA,NA,NA,NA,NA,-1.883,0.958,NA,NA,NA,1,0,0,0,0,0,0,0
SG MERANG,amin_4Q,0680091SF,45,NA,NA,2.817,12.791,NA,NA,NA,NA,NA,NA,0,0,0,0,0,0,0,0
SG MUAR,amin_4Q,0320461SF,50,NA,NA,NA,NA,NA,0.793,NA,-0.916,NA,NA,3,1,0,0,0,0,0,0
SG MUAR,amin_4Q,0320471SF,60,NA,NA,NA,NA,NA,1.968,NA,-4.011,NA,NA,9,3,1,0,-1,-1,-1,-2
SG MUAR,amin_4Q,0320481SF,58,NA,NA,NA,NA,NA,-0.112,3.921,NA,NA,NA,139,1,0,0,0,0,0,0
SG MUAR,amin_4Q,0320651SF,10,NA,NA,2.855,1.269,NA,NA,NA,NA,NA,NA,4,2,1,1,1,1,0,0
SG MUAR,amin_4Q,0320851SF,15,NA,NA,0.606,0.201,NA,NA,NA,NA,NA,NA,8,2,0,0,0,0,0,0
SG MUDA,amin_4Q,0050011SF,64,NA,NA,NA,NA,NA,2.86,NA,-5.186,NA,NA,35,12,5,2,1,0,-1,-1
SG MUDA,amin_4Q,0050181SF,61,NA,NA,NA,NA,NA,1.358,NA,0.148,NA,NA,17,4,2,1,1,1,1,0
SG MUDA,amin_4Q,0050301SF,38,NA,NA,NA,NA,NA,1.634,0.711,NA,NA,NA,13,5,3,2,2,1,1,1
SG PAHANG,amin_4Q,0550801SF,62,NA,NA,NA,NA,NA,1.214,NA,-1.766,NA,NA,5,2,0,0,0,0,-1,-1
SG PAHANG,amin_4Q,0550811SF,62,-5.67,2.335,-0.3,NA,NA,NA,NA,NA,NA,NA,8,5,3,2,1,1,0,0
SG PAHANG,amin_4Q,0550981SF,58,NA,NA,NA,NA,NA,4.951,NA,-1.404,NA,NA,284,140,88,69,56,53,45,38
SG PAHANG,amin_4Q,0551071SF,60,NA,NA,NA,NA,NA,2.937,1.015,NA,NA,NA,70,19,8,5,4,3,2,2
SG PAHANG,amin_4Q,0551111SF,55,NA,NA,NA,NA,NA,2.122,NA,-5.904,NA,NA,5,2,1,1,0,0,0,0
SG PAHANG,amin_4Q,0551251SF,51,NA,NA,NA,NA,NA,1.676,NA,-3.098,NA,NA,6,2,1,0,0,-1,-1,-1
SG PERAI,amin_4Q,0060111SF,62,NA,NA,NA,NA,NA,1.387,NA,-2.276,NA,NA,3,2,1,1,0,0,0,0
SG PERAK,amin_4Q,0180691SF,17,-1.971,0.394,0,NA,NA,NA,NA,NA,NA,NA,2,2,1,1,1,1,0,0
SG PERAK,amin_4Q,0180721SF,57,NA,NA,NA,NA,NA,2.854,0.979,NA,NA,NA,61,17,8,5,3,3,2,2
SG PERAK,amin_4Q,0180761SF,57,NA,NA,NA,NA,NA,0.833,NA,-0.933,NA,NA,3,1,1,0,0,0,0,0
SG PERAK,amin_4Q,0180771SF,60,NA,NA,NA,NA,NA,1.727,NA,-3.436,NA,NA,5,2,1,0,0,0,-1,-1
SG PERAK,amin_4Q,0180781SF,65,NA,NA,NA,NA,NA,5.355,NA,-102.489,NA,NA,194,109,67,49,35,32,21,13
SG PERAK,amin_4Q,0180791SF,57,NA,NA,NA,NA,NA,4.462,NA,-73.44,NA,NA,22,13,8,6,4,3,1,0
SG PERAK,amin_4Q,0180821SF,64,NA,NA,NA,NA,NA,1.938,NA,-2.092,NA,NA,14,5,2,1,0,0,0,-1
SG PERAK,amin_4Q,0180961SF,54,NA,NA,1.198,0.321,NA,NA,NA,NA,NA,NA,8,3,1,1,0,0,0,0
SG PERAK,amin_4Q,0181051SF,48,NA,NA,NA,NA,NA,3.37,NA,-3.253,NA,NA,51,26,16,12,10,9,7,6
SG PERAK,amin_4Q,0181111SF,43,-3.653,3.075,-0.859,NA,NA,NA,NA,NA,NA,NA,7,3,1,1,0,0,0,0
SG PERLIS,amin_4Q,0010311SF,37,NA,NA,NA,NA,NA,-1.366,NA,-0.128,NA,NA,0,0,0,0,0,0,0,0
SG PERLIS,amin_4Q,0010381SF,23,NA,NA,1.15,5.275,NA,NA,NA,NA,NA,NA,0,0,0,0,0,0,0,0
SG SADONG,amin_4Q,1004438,28,NA,NA,1.933,0.371,NA,NA,NA,NA,NA,NA,10,4,2,1,1,1,1,0
SG SADONG,amin_4Q,1005447,14,NA,NA,NA,NA,NA,1.3,NA,-0.389,NA,NA,7,3,2,1,1,1,1,1
SG SADONG,amin_4Q,1108401,27,NA,NA,NA,NA,NA,-8.547,4.518,NA,NA,NA,0,0,0,0,0,0,0,0
SG SADONG,amin_4Q,1790191SF,33,NA,NA,NA,NA,NA,0.5,1.19,NA,NA,NA,8,2,1,0,0,0,0,0
SG SADONG,amin_4Q,1790201SF,35,NA,NA,NA,NA,NA,2.589,NA,-6.773,NA,NA,9,7,5,5,4,4,3,3
SG SADONG,amin_4Q,1790241SF,34,NA,NA,NA,NA,NA,1.142,0.411,NA,NA,NA,5,3,2,2,2,2,1,1
SG SEDELI BESAR,amin_4Q,0470181SF,19,NA,NA,NA,NA,NA,0.606,NA,-0.561,NA,NA,2,1,1,1,1,0,0,0
SG SELANGOR,amin_4Q,0210241SF,65,-22.151,6.475,0,NA,NA,NA,NA,NA,NA,NA,28,20,12,8,3,1,-3,-8
SG SELANGOR,amin_4Q,0210341SF,15,-5.838,0.894,0.423,NA,NA,NA,NA,NA,NA,NA,6,5,4,2,1,0,-3,-7
SG SELANGOR,amin_4Q,0210631SF,11,NA,NA,NA,NA,NA,3.253,NA,-10.745,NA,NA,24,15,10,8,7,6,5,4
SG TERENGGANU,amin_4Q,0670151SF,59,NA,NA,NA,NA,NA,5.179,NA,-90.494,NA,NA,175,87,46,28,16,12,3,-5
SG TERENGGANU,amin_4Q,0670271SF,43,-10.599,3.49,-0.314,NA,NA,NA,NA,NA,NA,NA,14,9,6,5,4,4,3,2
SG TERENGGANU,amin_4Q,0670311SF,19,-4.449,1.046,-0.026,NA,NA,NA,NA,NA,NA,NA,5,4,3,2,1,1,1,0
SG. BESUT,amin_4Q,0700071SF,44,NA,NA,NA,NA,NA,1.414,NA,-0.686,NA,NA,13,3,1,1,0,0,0,0
Sabah,amin_7Q,0750011SF,30,NA,NA,8.234,0.49,NA,NA,NA,NA,NA,NA,25,16,12,10,8,8,7,6
Sabah,amin_7Q,0750051SF,13,NA,NA,NA,NA,NA,1.041,NA,-0.322,NA,NA,9,3,1,1,0,0,0,0
Sabah,amin_7Q,1040091SF,51,NA,NA,NA,NA,NA,5.302,NA,-167.524,NA,NA,59,33,18,10,4,3,-2,-6
Sabah,amin_7Q,1040391SF,13,NA,NA,NA,NA,NA,2.863,NA,-11.022,NA,NA,11,6,4,3,2,2,1,1
Sabah,amin_7Q,1160031SF,35,NA,NA,NA,NA,NA,2.379,NA,-4.772,NA,NA,12,6,3,2,2,1,1,0
Sabah,amin_7Q,1160091SF,52,NA,NA,0.89,0.031,NA,NA,NA,NA,NA,NA,68,19,5,2,1,1,0,0
Sabah,amin_7Q,1160161SF,26,NA,NA,NA,NA,NA,-0.939,NA,-0.283,NA,NA,0,0,0,0,0,0,0,0
Sabah,amin_7Q,1280011SF,33,NA,NA,NA,NA,NA,1.392,NA,-0.559,NA,NA,6,3,2,2,2,1,1,1
Sabah,amin_7Q,1390021SF,20,NA,NA,0.848,0.85,NA,NA,NA,NA,NA,NA,2,1,0,0,0,0,0,0
Sabah,amin_7Q,1400031SF,50,NA,NA,NA,NA,NA,1.809,NA,-0.784,NA,NA,13,5,3,2,1,1,1,1
Sabah,amin_7Q,1400041SF,52,NA,NA,NA,NA,NA,2.865,NA,-11.434,NA,NA,11,6,3,2,1,1,0,0
Sabah,amin_7Q,1460211SF,51,NA,NA,NA,NA,NA,3.015,NA,-2.549,NA,NA,38,18,11,8,6,6,4,3
Sabah,amin_7Q,1460281SF,39,NA,NA,2.573,0.058,NA,NA,NA,NA,NA,NA,82,39,21,15,11,10,7,5
Sabah,amin_7Q,1460521SF,24,NA,NA,NA,NA,NA,2.433,0.484,NA,NA,NA,21,11,8,6,5,5,4,4
Sabah,amin_7Q,1460561SF,20,NA,NA,NA,NA,NA,7.566,NA,-1930.027,NA,NA,3,2,1,0,0,0,-1,-1
Sarawak,amin_7Q,1015401,27,NA,NA,NA,NA,NA,-4.245,NA,0.002,NA,NA,0,0,0,0,0,0,0,0
Sarawak,amin_7Q,1301427,15,NA,NA,NA,NA,NA,2.122,1.432,NA,NA,NA,53,8,2,1,1,1,0,0
Sarawak,amin_7Q,1302428,26,NA,NA,NA,NA,NA,1.846,0.842,NA,NA,NA,19,6,3,2,2,1,1,1
Sarawak,amin_7Q,1415401,31,NA,NA,NA,NA,NA,1.712,0.746,NA,NA,NA,14,6,3,2,2,2,1,1
Sarawak,amin_7Q,1515401,25,-19.556,6.463,-0.648,NA,NA,NA,NA,NA,NA,NA,27,17,13,12,11,11,10,10
Sarawak,amin_7Q,3541401,24,NA,NA,0.621,0.037,NA,NA,NA,NA,NA,NA,44,9,2,1,0,0,0,0
SG BERNAM,amin_7Q,0190211SF,63,NA,NA,NA,NA,NA,1.342,NA,-0.746,NA,NA,7,3,2,1,1,1,1,0
SG BERNAM,amin_7Q,0190241SF,64,NA,NA,NA,NA,NA,3.343,NA,-21.81,NA,NA,14,6,3,1,-1,-1,-2,-3
SG BERNAM,amin_7Q,0190251SF,62,NA,NA,10.87,0.614,NA,NA,NA,NA,NA,NA,25,17,13,11,10,10,8,8
SG BERNAM,amin_7Q,0190621SF,12,-8.728,2.012,0.24,NA,NA,NA,NA,NA,NA,NA,10,8,5,3,0,-1,-4,-8
SG BERNAM,amin_7Q,0190631SF,12,-17.143,2.356,0,NA,NA,NA,NA,NA,NA,NA,19,16,14,12,10,10,8,6
SG DUNGUN,amin_7Q,0630111SF,51,NA,NA,NA,NA,NA,6.039,NA,-390.786,NA,NA,53,29,13,6,-1,-2,-8,-12
SG ENDAU,amin_7Q,0500171SF,55,NA,NA,NA,NA,NA,0.702,NA,-0.205,NA,NA,4,2,1,1,1,1,0,0
SG ENDAU,amin_7Q,0500221SF,25,-4.619,4.486,-1.001,NA,NA,NA,NA,NA,NA,NA,11,3,1,1,0,0,0,0
SG ENDAU,amin_7Q,0500291SF,47,-6.563,7.366,-1.174,NA,NA,NA,NA,NA,NA,NA,17,4,1,1,0,0,0,0
SG GOLOK,amin_7Q,0740121SF,60,NA,NA,NA,NA,NA,1.851,1.011,NA,NA,NA,23,6,3,2,1,1,1,1
SG JOHOR,amin_7Q,0430211SF,55,NA,NA,NA,NA,NA,4.072,NA,-50.374,NA,NA,14,8,5,3,2,2,1,0
SG JOHOR,amin_7Q,0430341SF,48,NA,NA,NA,NA,NA,1.973,NA,-4.35,NA,NA,5,3,2,1,1,0,0,0
SG KELANTAN,amin_7Q,0730351SF,62,NA,NA,NA,NA,NA,6.268,NA,-388.612,NA,NA,234,139,84,58,37,32,15,1
SG KEMAMAN,amin_7Q,0600081SF,48,NA,NA,NA,NA,NA,2.704,NA,-5.89,NA,NA,17,9,5,4,3,2,1,1
SG KEMAMAN,amin_7Q,0600171SF,23,NA,NA,1.657,0.199,NA,NA,NA,NA,NA,NA,17,7,3,2,1,1,1,0
SG KEMAMAN,amin_7Q,0600181SF,23,-0.504,0.53,0,NA,NA,NA,NA,NA,NA,NA,1,0,0,-1,-1,-1,-2,-2
SG KERIAN,amin_7Q,0090211SF,61,NA,NA,NA,NA,NA,3.198,NA,-15.082,NA,NA,18,9,5,3,2,1,0,-1
SG KESANG,amin_7Q,0310011SF,65,NA,NA,NA,NA,NA,-0.966,NA,-0.073,NA,NA,1,0,0,0,0,0,0,0
SG KIMANIS,amin_7Q,1410031SF,9,NA,NA,NA,NA,NA,1.184,NA,-2.176,NA,NA,2,1,1,0,0,0,0,0
SG KINABATANGAN,amin_7Q,1040131SF,41,NA,NA,2.859,0.041,NA,NA,NA,NA,NA,NA,126,62,35,25,18,17,13,10
SG KINABATANGAN,amin_7Q,1040181SF,35,NA,NA,NA,NA,NA,4.028,NA,-13.004,NA,NA,89,43,25,18,13,12,9,6
SG KINABATANGAN,amin_7Q,1160281SF,20,NA,NA,NA,NA,NA,3.642,NA,-2.933,NA,NA,52,35,27,24,21,20,18,17
SG KLANG,amin_7Q,0230291SF,51,NA,NA,NA,NA,NA,1.849,NA,-3.961,NA,NA,6,2,1,0,0,0,-1,-1
SG KLANG,amin_7Q,0230311SF,53,-1.804,1.854,-1.036,NA,NA,NA,NA,NA,NA,NA,4,1,0,0,0,0,0,0
SG KLANG,amin_7Q,0230361SF,50,NA,NA,NA,NA,NA,2.13,NA,-0.283,NA,NA,25,8,4,3,2,2,1,1
SG KRIAN,amin_7Q,1813401,21,NA,NA,1.069,4.01,NA,NA,NA,NA,NA,NA,1,0,0,0,0,0,0,0
SG KUANTAN,amin_7Q,0570011SF,44,NA,NA,NA,NA,NA,3.255,NA,-19.013,NA,NA,16,7,2,0,-1,-1,-3,-4
SG LANGAT,amin_7Q,0240251SF,62,-9.217,3.785,-0.415,NA,NA,NA,NA,NA,NA,NA,13,8,5,4,3,3,2,1
SG LANGAT,amin_7Q,0240261SF,46,NA,NA,NA,NA,NA,1.004,0.791,NA,NA,NA,8,3,1,1,1,1,1,0
SG LANGAT,amin_7Q,0240311SF,59,NA,NA,NA,NA,NA,-0.207,NA,-0.09,NA,NA,2,1,0,0,0,0,0,0
SG LANGAT,amin_7Q,0240351SF,51,NA,NA,NA,NA,NA,0.709,NA,-0.019,NA,NA,5,2,1,1,1,1,1,0
SG LANGAT,amin_7Q,0240491SF,11,NA,NA,NA,NA,NA,2.999,0.371,NA,NA,NA,32,20,15,12,11,10,9,8
SG LINGGI,amin_7Q,0270171SF,65,NA,NA,NA,NA,NA,1.96,NA,-3.411,NA,NA,10,4,1,0,0,0,-1,-1
SG LINGGI,amin_7Q,0270181SF,49,NA,NA,NA,NA,NA,-0.373,NA,-0.08,NA,NA,2,1,0,0,0,0,0,0
SG LINGGI,amin_7Q,0270191SF,58,NA,NA,NA,NA,NA,-0.798,NA,0.007,NA,NA,2,0,0,0,0,0,0,0
SG LINGGI,amin_7Q,0270241SF,11,-0.106,0.135,-1.403,NA,NA,NA,NA,NA,NA,NA,0,0,0,0,0,0,0,0
SG LINGGI,amin_7Q,0270311SF,23,NA,NA,0.466,0.109,NA,NA,NA,NA,NA,NA,12,2,0,0,0,0,0,0
SG MELAKA,amin_7Q,0290141SF,64,NA,NA,NA,NA,NA,-0.135,1.299,NA,NA,NA,5,1,0,0,0,0,0,0
SG MELAKA,amin_7Q,0290161SF,49,NA,NA,NA,NA,NA,-1.782,0.924,NA,NA,NA,1,0,0,0,0,0,0,0
SG MERANG,amin_7Q,0680091SF,45,NA,NA,2.656,11.449,NA,NA,NA,NA,NA,NA,0,0,0,0,0,0,0,0
SG MUAR,amin_7Q,0320461SF,50,NA,NA,NA,NA,NA,0.761,NA,-0.833,NA,NA,3,1,1,0,0,0,0,0
SG MUAR,amin_7Q,0320471SF,60,NA,NA,NA,NA,NA,2.084,NA,-4.65,NA,NA,9,3,1,0,-1,-1,-1,-2
SG MUAR,amin_7Q,0320481SF,58,NA,NA,NA,NA,NA,-0.062,3.904,NA,NA,NA,143,1,0,0,0,0,0,0
SG MUAR,amin_7Q,0320651SF,10,NA,NA,2.858,1.249,NA,NA,NA,NA,NA,NA,4,2,1,1,1,1,0,0
SG MUAR,amin_7Q,0320851SF,15,NA,NA,NA,NA,NA,1.109,NA,-1.097,NA,NA,8,2,0,0,0,0,-1,-1
SG MUDA,amin_7Q,0050011SF,64,NA,NA,NA,NA,NA,2.827,NA,-3.846,NA,NA,37,13,6,3,2,1,0,0
SG MUDA,amin_7Q,0050181SF,61,NA,NA,NA,NA,NA,1.367,NA,0.3,NA,NA,18,4,2,1,1,1,1,1
SG MUDA,amin_7Q,0050301SF,38,NA,NA,NA,NA,NA,1.717,0.673,NA,NA,NA,13,6,3,2,2,2,1,1
SG PAHANG,amin_7Q,0550801SF,62,NA,NA,NA,NA,NA,1.239,NA,-1.809,NA,NA,5,2,0,0,0,0,-1,-1
SG PAHANG,amin_7Q,0550811SF,62,-5.81,2.417,-0.325,NA,NA,NA,NA,NA,NA,NA,8,5,3,2,1,1,0,0
SG PAHANG,amin_7Q,0550981SF,58,NA,NA,NA,NA,NA,4.925,NA,7.717,NA,NA,293,145,93,74,62,59,51,45
SG PAHANG,amin_7Q,0551071SF,60,NA,NA,NA,NA,NA,2.971,1.001,NA,NA,NA,71,20,8,5,4,3,3,2
SG PAHANG,amin_7Q,0551111SF,55,NA,NA,NA,NA,NA,1.947,NA,-4.41,NA,NA,5,3,1,1,0,0,0,0
SG PAHANG,amin_7Q,0551251SF,51,NA,NA,NA,NA,NA,1.826,NA,-3.766,NA,NA,6,2,1,0,0,-1,-1,-1
SG PERAI,amin_7Q,0060111SF,62,NA,NA,NA,NA,NA,1.398,NA,-2.254,NA,NA,4,2,1,1,0,0,0,0
SG PERAK,amin_7Q,0180691SF,17,-2.086,0.437,0,NA,NA,NA,NA,NA,NA,NA,2,2,1,1,1,1,0,0
SG PERAK,amin_7Q,0180721SF,57,NA,NA,NA,NA,NA,2.911,0.947,NA,NA,NA,62,18,8,5,4,4,3,2
SG PERAK,amin_7Q,0180761SF,57,NA,NA,NA,NA,NA,0.879,NA,-0.912,NA,NA,4,1,1,0,0,0,0,0
SG PERAK,amin_7Q,0180771SF,60,NA,NA,NA,NA,NA,1.816,NA,-3.821,NA,NA,5,2,1,0,0,0,-1,-1
SG PERAK,amin_7Q,0180781SF,65,NA,NA,NA,NA,NA,5.257,NA,-78.656,NA,NA,199,113,72,54,41,37,28,20
SG PERAK,amin_7Q,0180791SF,57,NA,NA,NA,NA,NA,4.761,NA,-103.209,NA,NA,22,14,9,6,4,3,2,0
SG PERAK,amin_7Q,0180821SF,64,NA,NA,NA,NA,NA,2.006,NA,-2.304,NA,NA,14,5,2,1,0,0,0,-1
SG PERAK,amin_7Q,0180961SF,54,NA,NA,1.289,0.336,NA,NA,NA,NA,NA,NA,8,3,1,1,0,0,0,0
SG PERAK,amin_7Q,0181051SF,48,NA,NA,NA,NA,NA,3.398,NA,-2.934,NA,NA,54,27,17,13,10,10,8,6
SG PERAK,amin_7Q,0181111SF,43,NA,NA,NA,NA,NA,1.796,NA,-2.972,NA,NA,7,3,1,1,0,0,0,-1
SG PERLIS,amin_7Q,0010311SF,37,NA,NA,NA,NA,NA,-1.531,NA,-0.081,NA,NA,0,0,0,0,0,0,0,0
SG PERLIS,amin_7Q,0010381SF,23,NA,NA,NA,NA,NA,-1,NA,-0.171,NA,NA,1,0,0,0,0,0,0,0
SG SADONG,amin_7Q,1004438,28,NA,NA,2.054,0.363,NA,NA,NA,NA,NA,NA,11,5,2,2,1,1,1,0
SG SADONG,amin_7Q,1005447,14,NA,NA,NA,NA,NA,1.516,NA,-0.9,NA,NA,8,4,2,1,1,1,1,0
SG SADONG,amin_7Q,1108401,27,NA,NA,0.206,3.994,NA,NA,NA,NA,NA,NA,0,0,0,0,0,0,0,0
SG SADONG,amin_7Q,1790191SF,33,NA,NA,NA,NA,NA,0.523,1.199,NA,NA,NA,8,2,1,0,0,0,0,0
SG SADONG,amin_7Q,1790201SF,35,NA,NA,NA,NA,NA,2.066,NA,-1.103,NA,NA,9,7,6,5,4,4,4,4
SG SADONG,amin_7Q,1790241SF,34,NA,NA,NA,NA,NA,0.279,NA,2.297,NA,NA,6,4,3,3,3,3,3,3
SG SEDELI BESAR,amin_7Q,0470181SF,19,NA,NA,NA,NA,NA,0.887,NA,-1.073,NA,NA,2,1,1,1,1,0,0,0
SG SELANGOR,amin_7Q,0210241SF,65,-23.01,6.599,0,NA,NA,NA,NA,NA,NA,NA,29,21,13,8,3,2,-3,-7
SG SELANGOR,amin_7Q,0210341SF,15,-6.121,0.747,0.714,NA,NA,NA,NA,NA,NA,NA,7,6,4,2,-2,-3,-10,-21
SG SELANGOR,amin_7Q,0210631SF,11,NA,NA,NA,NA,NA,3.559,NA,-19.049,NA,NA,25,16,11,9,8,7,6,5
SG TERENGGANU,amin_7Q,0670151SF,59,NA,NA,NA,NA,NA,5.279,NA,-104.074,NA,NA,181,92,49,31,17,14,4,-5
SG TERENGGANU,amin_7Q,0670271SF,43,NA,NA,NA,NA,NA,4.005,NA,-45.149,NA,NA,15,10,7,5,4,4,3,2
SG TERENGGANU,amin_7Q,0670311SF,19,-4.537,1.083,-0.071,NA,NA,NA,NA,NA,NA,NA,5,4,3,2,2,1,1,0
SG. BESUT,amin_7Q,0700071SF,44,NA,NA,0.978,0.15,NA,NA,NA,NA,NA,NA,15,4,1,1,0,0,0,0
Sabah,amin_30Q,0750011SF,30,NA,NA,NA,NA,NA,3.28,0.459,NA,NA,NA,48,27,18,15,12,12,10,9
Sabah,amin_30Q,0750051SF,13,-6.45,5.599,-1.281,NA,NA,NA,NA,NA,NA,NA,15,5,3,2,2,2,2,2
Sabah,amin_30Q,1040091SF,51,NA,NA,NA,NA,NA,5.54,NA,-195.196,NA,NA,104,60,34,22,12,9,2,-5
Sabah,amin_30Q,1040391SF,13,NA,NA,NA,NA,NA,3.436,NA,-23.36,NA,NA,11,8,6,4,4,3,3,2
Sabah,amin_30Q,1160031SF,35,NA,NA,NA,NA,NA,2.557,NA,-2.813,NA,NA,21,10,6,4,3,3,2,1
Sabah,amin_30Q,1160091SF,52,NA,NA,0.974,0.023,NA,NA,NA,NA,NA,NA,100,30,9,4,2,2,1,0
Sabah,amin_30Q,1160161SF,26,NA,NA,NA,NA,NA,0.384,NA,-1.284,NA,NA,0,0,0,0,0,0,0,0
Sabah,amin_30Q,1280011SF,33,NA,NA,5.367,1.122,NA,NA,NA,NA,NA,NA,8,4,3,2,2,2,2,1
Sabah,amin_30Q,1390021SF,20,NA,NA,NA,NA,NA,2.058,NA,-5.658,NA,NA,5,2,1,0,0,0,-1,-1
Sabah,amin_30Q,1400031SF,50,NA,NA,NA,NA,NA,2.084,NA,-0.647,NA,NA,19,7,4,3,2,2,1,1
Sabah,amin_30Q,1400041SF,52,NA,NA,NA,NA,NA,2.348,NA,-2.277,NA,NA,18,8,5,3,2,2,1,1
Sabah,amin_30Q,1460211SF,51,NA,NA,NA,NA,NA,3.933,NA,-20.135,NA,NA,57,31,19,14,10,9,6,4
Sabah,amin_30Q,1460281SF,39,NA,NA,2.772,0.04,NA,NA,NA,NA,NA,NA,127,62,35,24,18,16,12,9
Sabah,amin_30Q,1460521SF,24,NA,NA,5.08,0.303,NA,NA,NA,NA,NA,NA,27,16,10,8,7,6,5,4
Sabah,amin_30Q,1460561SF,20,NA,NA,NA,NA,NA,2.115,NA,-5.713,NA,NA,5,3,1,1,0,0,0,0
Sarawak,amin_30Q,1015401,27,NA,NA,2.427,13.463,NA,NA,NA,NA,NA,NA,0,0,0,0,0,0,0,0
Sarawak,amin_30Q,1301427,15,NA,NA,NA,NA,NA,1.574,NA,3.94,NA,NA,83,9,5,4,4,4,4,4
Sarawak,amin_30Q,1302428,26,NA,NA,NA,NA,NA,2.123,NA,1.689,NA,NA,27,10,6,4,4,4,3,3
Sarawak,amin_30Q,1415401,31,NA,NA,NA,NA,NA,2.072,0.622,NA,NA,NA,18,8,5,4,3,3,2,2
Sarawak,amin_30Q,1515401,25,NA,NA,NA,NA,NA,2.867,NA,1.789,NA,NA,29,19,15,13,12,11,10,10
Sarawak,amin_30Q,3541401,24,NA,NA,NA,NA,NA,4.48,NA,-45.487,NA,NA,97,43,19,9,2,1,-4,-8
SG BERNAM,amin_30Q,0190211SF,63,NA,NA,NA,NA,NA,1.388,NA,-0.376,NA,NA,8,4,2,2,1,1,1,1
SG BERNAM,amin_30Q,0190241SF,63,NA,NA,NA,NA,NA,4.086,NA,-51.905,NA,NA,14,8,3,1,0,-1,-2,-3
SG BERNAM,amin_30Q,0190251SF,62,NA,NA,NA,NA,NA,3.011,0.315,NA,NA,NA,30,20,16,14,12,12,11,10
SG BERNAM,amin_30Q,0190621SF,12,-10.767,2.772,0,NA,NA,NA,NA,NA,NA,NA,13,10,7,5,3,2,0,-2
SG BERNAM,amin_30Q,0190631SF,12,NA,NA,NA,NA,NA,2.91,0.146,NA,NA,NA,22,18,16,15,14,14,14,13
SG DUNGUN,amin_30Q,0630111SF,51,NA,NA,NA,NA,NA,6.087,NA,-404.758,NA,NA,63,35,18,9,2,0,-6,-11
SG ENDAU,amin_30Q,0500171SF,55,NA,NA,NA,NA,NA,1.26,NA,-1.075,NA,NA,5,2,1,1,1,1,0,0
SG ENDAU,amin_30Q,0500221SF,25,NA,NA,NA,NA,NA,2.529,NA,-5.079,NA,NA,15,7,4,3,2,2,1,0
SG ENDAU,amin_30Q,0500291SF,47,NA,NA,NA,NA,NA,2.186,NA,-1.351,NA,NA,20,8,4,2,2,1,1,0
SG GOLOK,amin_30Q,0740121SF,60,NA,NA,NA,NA,NA,2.253,0.94,NA,NA,NA,32,10,4,3,2,2,1,1
SG JOHOR,amin_30Q,0430211SF,55,-13.116,5.646,-0.424,NA,NA,NA,NA,NA,NA,NA,19,11,7,5,4,3,2,2
SG JOHOR,amin_30Q,0430341SF,48,NA,NA,2.854,0.692,NA,NA,NA,NA,NA,NA,7,4,2,1,1,1,1,1
SG KELANTAN,amin_30Q,0730351SF,62,-189.421,79.79,-0.475,NA,NA,NA,NA,NA,NA,NA,272,163,104,79,62,58,48,40
SG KEMAMAN,amin_30Q,0600081SF,48,NA,NA,NA,NA,NA,3.046,NA,-9.952,NA,NA,20,11,7,5,4,3,2,1
SG KEMAMAN,amin_30Q,0600171SF,23,NA,NA,NA,NA,NA,1.839,NA,1.158,NA,NA,18,7,4,4,3,3,2,2
SG KEMAMAN,amin_30Q,0600181SF,23,-0.723,0.737,0,NA,NA,NA,NA,NA,NA,NA,1,0,0,-1,-1,-2,-2,-3
SG KERIAN,amin_30Q,0090211SF,61,NA,NA,NA,NA,NA,3.042,NA,-9.663,NA,NA,23,11,6,4,2,2,1,0
SG KESANG,amin_30Q,0310011SF,65,NA,NA,NA,NA,NA,-0.753,NA,-0.047,NA,NA,1,0,0,0,0,0,0,0
SG KIMANIS,amin_30Q,1410031SF,9,NA,NA,NA,NA,NA,1.195,NA,-1.682,NA,NA,3,2,1,1,0,0,0,0
SG KINABATANGAN,amin_30Q,1040131SF,41,-140.511,94.673,-0.745,NA,NA,NA,NA,NA,NA,NA,251,110,55,37,27,25,20,18
SG KINABATANGAN,amin_30Q,1040181SF,35,NA,NA,NA,NA,NA,4.37,0.71,NA,NA,NA,197,79,44,32,25,23,18,15
SG KINABATANGAN,amin_30Q,1160281SF,20,NA,NA,NA,NA,NA,4.844,NA,-77.52,NA,NA,74,50,35,29,23,22,18,14
SG KLANG,amin_30Q,0230291SF,51,NA,NA,NA,NA,NA,2.234,NA,-6.298,NA,NA,7,3,1,0,0,0,-1,-1
SG KLANG,amin_30Q,0230311SF,53,-2.175,2.132,-1,NA,NA,NA,NA,NA,NA,NA,5,2,1,0,0,0,0,0
SG KLANG,amin_30Q,0230361SF,50,NA,NA,NA,NA,NA,2.343,0.811,NA,NA,NA,30,10,5,4,3,3,2,2
SG KRIAN,amin_30Q,1813401,21,NA,NA,2.661,5.189,NA,NA,NA,NA,NA,NA,1,0,0,0,0,0,0,0
SG KUANTAN,amin_30Q,0570011SF,44,NA,NA,NA,NA,NA,3.821,NA,-36.179,NA,NA,20,9,4,1,-1,-2,-4,-5
SG LANGAT,amin_30Q,0240251SF,62,NA,NA,NA,NA,NA,3.291,NA,-15.408,NA,NA,19,11,8,6,4,4,3,2
SG LANGAT,amin_30Q,0240261SF,46,NA,NA,NA,NA,NA,1.369,NA,-0.139,NA,NA,9,4,2,2,1,1,1,1
SG LANGAT,amin_30Q,0240311SF,59,NA,NA,2.935,2.705,NA,NA,NA,NA,NA,NA,2,1,1,0,0,0,0,0
SG LANGAT,amin_30Q,0240351SF,51,NA,NA,2.614,0.869,NA,NA,NA,NA,NA,NA,6,3,1,1,1,1,0,0
SG LANGAT,amin_30Q,0240491SF,11,NA,NA,NA,NA,NA,3.232,0.39,NA,NA,NA,42,25,18,15,13,13,11,10
SG LINGGI,amin_30Q,0270171SF,65,-6.242,4.716,-0.747,NA,NA,NA,NA,NA,NA,NA,12,5,2,1,1,1,0,0
SG LINGGI,amin_30Q,0270181SF,49,NA,NA,NA,NA,NA,0.194,NA,-0.25,NA,NA,3,1,0,0,0,0,0,0
SG LINGGI,amin_30Q,0270191SF,58,-1.019,1.143,-1.225,NA,NA,NA,NA,NA,NA,NA,3,1,0,0,0,0,0,0
SG LINGGI,amin_30Q,0270241SF,11,NA,NA,0.919,4.765,NA,NA,NA,NA,NA,NA,0,0,0,0,0,0,0,0
SG LINGGI,amin_30Q,0270311SF,23,NA,NA,0.617,0.104,NA,NA,NA,NA,NA,NA,15,3,1,0,0,0,0,0
SG MELAKA,amin_30Q,0290141SF,64,-2.312,2.389,-1.063,NA,NA,NA,NA,NA,NA,NA,6,2,1,0,0,0,0,0
SG MELAKA,amin_30Q,0290161SF,49,NA,NA,NA,NA,NA,-1.378,0.828,NA,NA,NA,1,0,0,0,0,0,0,0
SG MERANG,amin_30Q,0680091SF,45,NA,NA,NA,NA,NA,-0.947,NA,-0.131,NA,NA,1,0,0,0,0,0,0,0
SG MUAR,amin_30Q,0320461SF,50,NA,NA,NA,NA,NA,0.629,NA,-0.401,NA,NA,4,1,1,0,0,0,0,0
SG MUAR,amin_30Q,0320471SF,60,NA,NA,NA,NA,NA,2.44,NA,-7.331,NA,NA,10,4,1,0,-1,-1,-1,-2
SG MUAR,amin_30Q,0320481SF,58,NA,NA,NA,NA,NA,0.315,3.768,NA,NA,NA,175,1,0,0,0,0,0,0
SG MUAR,amin_30Q,0320651SF,10,-3.809,1.232,0,NA,NA,NA,NA,NA,NA,NA,5,3,2,1,0,0,-1,-2
SG MUAR,amin_30Q,0320851SF,15,NA,NA,NA,NA,NA,1.642,NA,-2.272,NA,NA,9,3,1,0,0,0,-1,-1
SG MUDA,amin_30Q,0050011SF,64,NA,NA,NA,NA,NA,2.897,NA,-0.106,NA,NA,46,18,10,7,5,5,4,3
SG MUDA,amin_30Q,0050181SF,61,NA,NA,NA,NA,NA,1.71,NA,0.232,NA,NA,21,6,3,2,1,1,1,1
SG MUDA,amin_30Q,0050301SF,38,NA,NA,NA,NA,NA,1.941,0.607,NA,NA,NA,15,7,4,3,3,2,2,2
SG PAHANG,amin_30Q,0550801SF,62,NA,NA,NA,NA,NA,1.394,NA,-2.195,NA,NA,5,2,1,0,0,0,-1,-1
SG PAHANG,amin_30Q,0550811SF,62,NA,NA,NA,NA,NA,3.402,NA,-24.452,NA,NA,9,6,3,2,1,1,0,0
SG PAHANG,amin_30Q,0550981SF,58,NA,NA,NA,NA,NA,4.928,NA,39.77,NA,NA,349,178,121,102,89,86,78,72
SG PAHANG,amin_30Q,0551071SF,60,NA,NA,NA,NA,NA,3.111,0.943,NA,NA,NA,76,22,10,7,5,4,3,3
SG PAHANG,amin_30Q,0551111SF,55,NA,NA,NA,NA,NA,1.894,NA,-3.408,NA,NA,6,3,2,1,1,1,0,0
SG PAHANG,amin_30Q,0551251SF,51,NA,NA,NA,NA,NA,2.249,NA,-6.156,NA,NA,8,3,1,0,-1,-1,-1,-2
SG PERAI,amin_30Q,0060111SF,62,NA,NA,NA,NA,NA,1.197,NA,-1.213,NA,NA,4,2,1,1,1,0,0,0
SG PERAK,amin_30Q,0180691SF,17,-2.491,0.502,-0.062,NA,NA,NA,NA,NA,NA,NA,3,2,2,1,1,1,1,0
SG PERAK,amin_30Q,0180721SF,57,NA,NA,NA,NA,NA,5.086,NA,-135.303,NA,NA,48,26,13,7,2,1,-4,-7
SG PERAK,amin_30Q,0180761SF,57,NA,NA,NA,NA,NA,1.102,NA,-0.962,NA,NA,5,2,1,1,0,0,0,0
SG PERAK,amin_30Q,0180771SF,60,NA,NA,NA,NA,NA,1.972,NA,-4.194,NA,NA,7,3,1,1,0,0,0,-1
SG PERAK,amin_30Q,0180781SF,65,NA,NA,NA,NA,NA,5.323,NA,-79.332,NA,NA,210,126,84,66,53,49,39,31
SG PERAK,amin_30Q,0180791SF,57,NA,NA,NA,NA,NA,3.758,NA,-27.07,NA,NA,25,16,11,8,7,6,5,3
SG PERAK,amin_30Q,0180821SF,64,NA,NA,NA,NA,NA,2.137,NA,-2.642,NA,NA,16,6,2,1,1,0,0,-1
SG PERAK,amin_30Q,0180961SF,54,NA,NA,NA,NA,NA,1.602,NA,-1.513,NA,NA,9,3,2,1,0,0,0,0
SG PERAK,amin_30Q,0181051SF,47,NA,NA,NA,NA,NA,3.818,NA,-11.552,NA,NA,63,34,21,16,13,12,9,7
SG PERAK,amin_30Q,0181111SF,43,NA,NA,NA,NA,NA,1.902,NA,-2.946,NA,NA,9,4,2,1,0,0,0,0
SG PERLIS,amin_30Q,0010311SF,37,NA,NA,NA,NA,NA,-1.842,0.637,NA,NA,NA,0,0,0,0,0,0,0,0
SG PERLIS,amin_30Q,0010381SF,23,NA,NA,NA,NA,NA,-1.526,1.158,NA,NA,NA,1,0,0,0,0,0,0,0
SG SADONG,amin_30Q,1004438,28,NA,NA,NA,NA,NA,1.307,NA,3.107,NA,NA,15,7,5,4,4,4,4,4
SG SADONG,amin_30Q,1005447,13,NA,NA,NA,NA,NA,1.561,NA,0.466,NA,NA,12,5,3,2,2,2,2,1
SG SADONG,amin_30Q,1108401,27,NA,NA,0.496,0.36,NA,NA,NA,NA,NA,NA,4,1,0,0,0,0,0,0
SG SADONG,amin_30Q,1790191SF,33,NA,NA,NA,NA,NA,0.676,1.16,NA,NA,NA,9,2,1,0,0,0,0,0
SG SADONG,amin_30Q,1790201SF,35,-9.253,2.134,-0.615,NA,NA,NA,NA,NA,NA,NA,12,9,7,7,6,6,6,6
SG SADONG,amin_30Q,1790241SF,34,NA,NA,16.343,2.478,NA,NA,NA,NA,NA,NA,9,6,5,5,4,4,4,3
SG SEDELI BESAR,amin_30Q,0470181SF,19,NA,NA,NA,NA,NA,1.177,NA,-1.418,NA,NA,3,2,1,1,1,1,0,0
SG SELANGOR,amin_30Q,0210241SF,65,-26.391,8.042,-0.191,NA,NA,NA,NA,NA,NA,NA,34,24,16,12,8,7,4,2
SG SELANGOR,amin_30Q,0210341SF,15,-6.466,1.439,0,NA,NA,NA,NA,NA,NA,NA,8,6,4,3,2,2,1,0
SG SELANGOR,amin_30Q,0210631SF,11,-23.237,7.145,-0.207,NA,NA,NA,NA,NA,NA,NA,30,21,14,10,7,7,4,2
SG TERENGGANU,amin_30Q,0670151SF,59,NA,NA,NA,NA,NA,5.719,NA,-195.702,NA,NA,197,109,62,41,24,20,7,-3
SG TERENGGANU,amin_30Q,0670271SF,42,NA,NA,NA,NA,NA,4.469,NA,-75.561,NA,NA,17,12,8,6,5,4,3,2
SG TERENGGANU,amin_30Q,0670311SF,19,NA,NA,NA,NA,NA,2.926,NA,-14.177,NA,NA,6,4,4,3,3,3,2,2
SG. BESUT,amin_30Q,0700071SF,44,-7.774,8.869,-1.206,NA,NA,NA,NA,NA,NA,NA,21,5,2,1,1,1,0,0
Sabah,amin_60Q,0750011SF,30,-44.454,20.079,-0.52,NA,NA,NA,NA,NA,NA,NA,66,38,24,18,14,13,11,9
Sabah,amin_60Q,0750051SF,13,NA,NA,NA,NA,NA,1.811,NA,1.474,NA,NA,19,8,5,4,3,3,3,2
Sabah,amin_60Q,1040091SF,51,NA,NA,NA,NA,NA,7.234,NA,-1298.908,NA,NA,140,87,53,35,21,17,6,-5
Sabah,amin_60Q,1040391SF,13,NA,NA,NA,NA,NA,3.963,NA,-43.56,NA,NA,12,9,7,6,5,5,4,3
Sabah,amin_60Q,1160031SF,35,-18.172,11.336,-0.709,NA,NA,NA,NA,NA,NA,NA,31,15,8,5,4,4,3,3
Sabah,amin_60Q,1160091SF,52,-57.551,55.384,-1.019,NA,NA,NA,NA,NA,NA,NA,131,41,15,9,6,5,4,4
Sabah,amin_60Q,1160161SF,26,-0.349,0.139,0,NA,NA,NA,NA,NA,NA,NA,0,0,0,0,0,0,0,0
Sabah,amin_60Q,1280011SF,33,NA,NA,NA,NA,NA,3.52,NA,-28.171,NA,NA,9,6,4,3,2,2,1,1
Sabah,amin_60Q,1390021SF,20,NA,NA,NA,NA,NA,1.932,NA,-3.46,NA,NA,8,3,1,1,0,0,-1,-1
Sabah,amin_60Q,1400031SF,50,-13.318,9.302,-0.783,NA,NA,NA,NA,NA,NA,NA,24,10,5,3,3,2,2,2
Sabah,amin_60Q,1400041SF,52,NA,NA,NA,NA,NA,2.567,NA,-2.386,NA,NA,24,11,6,4,3,3,2,1
Sabah,amin_60Q,1460211SF,51,-58.271,24.814,-0.385,NA,NA,NA,NA,NA,NA,NA,83,50,30,21,14,13,8,5
Sabah,amin_60Q,1460281SF,39,NA,NA,NA,NA,NA,5.73,NA,-214.24,NA,NA,164,94,55,36,22,18,7,-2
Sabah,amin_60Q,1460521SF,24,-24.331,10.586,-0.471,NA,NA,NA,NA,NA,NA,NA,35,21,13,10,7,7,5,4
Sabah,amin_60Q,1460561SF,20,NA,NA,NA,NA,NA,4.423,NA,-79.758,NA,NA,6,4,2,1,0,0,0,-1
Sarawak,amin_60Q,1015401,27,NA,NA,NA,NA,NA,-1.423,NA,0.153,NA,NA,1,0,0,0,0,0,0,0
Sarawak,amin_60Q,1301427,15,NA,NA,NA,NA,NA,5.299,0.248,NA,NA,NA,275,200,162,146,133,130,120,112
Sarawak,amin_60Q,1302428,26,NA,NA,NA,NA,NA,2.135,NA,3.864,NA,NA,28,12,8,7,6,6,5,5
Sarawak,amin_60Q,1415401,31,NA,NA,NA,NA,NA,1.929,NA,2.712,NA,NA,25,10,6,5,4,4,4,4
Sarawak,amin_60Q,1515401,25,NA,NA,NA,NA,NA,2.767,NA,4.696,NA,NA,31,21,16,15,13,13,12,11
Sarawak,amin_60Q,3541401,24,NA,NA,3.691,0.047,NA,NA,NA,NA,NA,NA,134,72,44,33,25,23,18,15
SG BERNAM,amin_60Q,0190211SF,63,NA,NA,NA,NA,NA,1.679,NA,-1.082,NA,NA,8,4,3,2,2,1,1,1
SG BERNAM,amin_60Q,0190241SF,63,NA,NA,NA,NA,NA,4.452,NA,-77.238,NA,NA,16,9,4,2,0,0,-2,-3
SG BERNAM,amin_60Q,0190251SF,62,NA,NA,NA,NA,NA,3.171,0.337,NA,NA,NA,37,24,18,15,14,13,12,11
SG BERNAM,amin_60Q,0190621SF,12,NA,NA,6.01,0.565,NA,NA,NA,NA,NA,NA,16,10,7,6,5,4,4,3
SG BERNAM,amin_60Q,0190631SF,12,NA,NA,NA,NA,NA,2.311,NA,9.477,NA,NA,24,20,17,16,16,16,15,15
SG DUNGUN,amin_60Q,0630111SF,51,-47.185,20.929,-0.291,NA,NA,NA,NA,NA,NA,NA,67,40,22,13,6,4,-2,-6
SG ENDAU,amin_60Q,0500171SF,55,NA,NA,NA,NA,NA,1.607,NA,-1.909,NA,NA,6,3,2,1,1,1,0,0
SG ENDAU,amin_60Q,0500221SF,25,NA,NA,3.433,0.317,NA,NA,NA,NA,NA,NA,19,10,6,4,3,3,2,2
SG ENDAU,amin_60Q,0500291SF,47,NA,NA,2.679,0.231,NA,NA,NA,NA,NA,NA,21,10,6,4,3,3,2,1
SG GOLOK,amin_60Q,0740121SF,60,NA,NA,NA,NA,NA,2.535,0.804,NA,NA,NA,35,13,6,4,3,3,2,2
SG JOHOR,amin_60Q,0430211SF,55,NA,NA,NA,NA,NA,3.143,NA,-10.299,NA,NA,22,13,8,7,5,5,4,3
SG JOHOR,amin_60Q,0430341SF,48,NA,NA,2.587,0.468,NA,NA,NA,NA,NA,NA,10,5,3,2,1,1,1,1
SG KELANTAN,amin_60Q,0730351SF,62,NA,NA,5.01,0.026,NA,NA,NA,NA,NA,NA,311,182,120,95,77,72,60,50
SG KEMAMAN,amin_60Q,0600081SF,48,NA,NA,NA,NA,NA,2.948,NA,-6.576,NA,NA,21,12,8,7,5,5,4,3
SG KEMAMAN,amin_60Q,0600171SF,23,NA,NA,NA,NA,NA,1.942,NA,1.123,NA,NA,19,8,5,4,3,3,3,2
SG KEMAMAN,amin_60Q,0600181SF,23,NA,NA,NA,NA,NA,-2.663,2.277,NA,NA,NA,1,0,0,0,0,0,0,0
SG KERIAN,amin_60Q,0090211SF,60,NA,NA,NA,NA,NA,3.292,NA,-13.885,NA,NA,24,13,7,5,3,3,1,0
SG KESANG,amin_60Q,0310011SF,65,NA,NA,NA,NA,NA,-0.538,NA,-0.018,NA,NA,1,1,0,0,0,0,0,0
SG KIMANIS,amin_60Q,1410031SF,9,NA,NA,5.14,2.207,NA,NA,NA,NA,NA,NA,4,2,1,1,1,1,1,1
SG KINABATANGAN,amin_60Q,1040131SF,41,NA,NA,NA,NA,NA,6.018,NA,-250.713,NA,NA,297,160,90,58,34,27,9,-7
SG KINABATANGAN,amin_60Q,1040181SF,35,NA,NA,NA,NA,NA,6.203,NA,-358.7,NA,NA,246,135,74,45,23,17,-1,-16
SG KINABATANGAN,amin_60Q,1160281SF,20,NA,NA,NA,NA,NA,5.467,NA,-170.002,NA,NA,102,67,46,36,28,26,19,14
SG KLANG,amin_60Q,0230291SF,51,NA,NA,NA,NA,NA,2.483,NA,-8.516,NA,NA,7,3,2,1,0,0,-1,-1
SG KLANG,amin_60Q,0230311SF,53,NA,NA,1.228,0.505,NA,NA,NA,NA,NA,NA,5,2,1,0,0,0,0,0
SG KLANG,amin_60Q,0230361SF,50,NA,NA,NA,NA,NA,2.517,0.759,NA,NA,NA,33,12,7,5,4,3,3,2
SG KRIAN,amin_60Q,1813401,21,NA,NA,NA,NA,NA,-1.036,NA,0.244,NA,NA,1,1,0,0,0,0,0,0
SG KUANTAN,amin_60Q,0570011SF,44,NA,NA,NA,NA,NA,3.931,NA,-39.588,NA,NA,24,11,5,1,-1,-2,-4,-5
SG LANGAT,amin_60Q,0240251SF,62,NA,NA,4.66,0.302,NA,NA,NA,NA,NA,NA,25,14,9,7,6,5,4,4
SG LANGAT,amin_60Q,0240261SF,46,NA,NA,NA,NA,NA,1.484,NA,0.339,NA,NA,11,5,3,2,2,2,1,1
SG LANGAT,amin_60Q,0240311SF,59,NA,NA,3.156,2.601,NA,NA,NA,NA,NA,NA,2,1,1,0,0,0,0,0
SG LANGAT,amin_60Q,0240351SF,51,NA,NA,2.604,0.772,NA,NA,NA,NA,NA,NA,6,3,2,1,1,1,1,0
SG LANGAT,amin_60Q,0240491SF,11,NA,NA,NA,NA,NA,1.778,NA,17.996,NA,NA,54,24,20,19,19,19,18,18
SG LINGGI,amin_60Q,0270171SF,65,NA,NA,NA,NA,NA,2.993,NA,-13.602,NA,NA,13,6,3,1,0,0,-1,-2
SG LINGGI,amin_60Q,0270181SF,49,NA,NA,NA,NA,NA,0.536,NA,-0.455,NA,NA,3,1,1,0,0,0,0,0
SG LINGGI,amin_60Q,0270191SF,58,NA,NA,NA,NA,NA,-0.265,1.083,NA,NA,NA,3,1,0,0,0,0,0,0
SG LINGGI,amin_60Q,0270241SF,11,NA,NA,NA,NA,NA,-1.24,NA,-0.136,NA,NA,0,0,0,0,0,0,0,0
SG LINGGI,amin_60Q,0270311SF,23,NA,NA,NA,NA,NA,2.574,NA,-7.599,NA,NA,16,6,1,0,-1,-2,-2,-3
SG MELAKA,amin_60Q,0290141SF,64,NA,NA,NA,NA,NA,0.696,0.909,NA,NA,NA,6,2,1,1,0,0,0,0
SG MELAKA,amin_60Q,0290161SF,49,NA,NA,NA,NA,NA,-1.161,0.767,NA,NA,NA,1,0,0,0,0,0,0,0
SG MERANG,amin_60Q,0680091SF,45,-0.365,0.222,-0.704,NA,NA,NA,NA,NA,NA,NA,1,0,0,0,0,0,0,0
SG MUAR,amin_60Q,0320461SF,50,NA,NA,NA,NA,NA,0.815,NA,-0.493,NA,NA,5,2,1,0,0,0,0,0
SG MUAR,amin_60Q,0320471SF,60,NA,NA,NA,NA,NA,2.69,NA,-9.813,NA,NA,11,5,2,1,0,-1,-1,-2
SG MUAR,amin_60Q,0320481SF,58,NA,NA,NA,NA,NA,0.799,3.66,NA,NA,NA,247,2,0,0,0,0,0,0
SG MUAR,amin_60Q,0320651SF,10,-5.563,1.839,0,NA,NA,NA,NA,NA,NA,NA,7,5,3,1,0,0,-2,-3
SG MUAR,amin_60Q,0320851SF,15,NA,NA,NA,NA,NA,1.902,NA,-3.046,NA,NA,11,4,1,0,0,-1,-1,-1
SG MUDA,amin_60Q,0050011SF,64,NA,NA,NA,NA,NA,3.162,0.635,NA,NA,NA,53,24,14,10,8,8,6,5
SG MUDA,amin_60Q,0050181SF,61,NA,NA,NA,NA,NA,2.033,0.984,NA,NA,NA,27,8,3,2,2,1,1,1
SG MUDA,amin_60Q,0050301SF,38,NA,NA,NA,NA,NA,2.105,0.583,NA,NA,NA,17,8,5,4,3,3,2,2
SG PAHANG,amin_60Q,0550801SF,62,NA,NA,NA,NA,NA,1.658,NA,-3.168,NA,NA,5,2,1,0,0,0,-1,-1
SG PAHANG,amin_60Q,0550811SF,62,NA,NA,NA,NA,NA,2.75,NA,-9.711,NA,NA,10,6,4,2,2,1,1,0
SG PAHANG,amin_60Q,0550981SF,58,NA,NA,NA,NA,NA,5.389,0.447,NA,NA,NA,389,219,150,123,105,100,87,77
SG PAHANG,amin_60Q,0551071SF,60,NA,NA,NA,NA,NA,3.223,NA,0.52,NA,NA,82,26,12,8,6,6,4,4
SG PAHANG,amin_60Q,0551111SF,55,NA,NA,NA,NA,NA,2.421,NA,-7.559,NA,NA,6,4,2,2,1,1,1,0
SG PAHANG,amin_60Q,0551251SF,51,NA,NA,NA,NA,NA,2.78,NA,-12.035,NA,NA,9,4,2,0,-1,-1,-1,-2
SG PERAI,amin_60Q,0060111SF,62,NA,NA,2.438,0.853,NA,NA,NA,NA,NA,NA,5,2,1,1,1,1,0,0
SG PERAK,amin_60Q,0180691SF,17,NA,NA,NA,NA,NA,1.654,NA,-2.681,NA,NA,4,3,2,2,1,1,1,1
SG PERAK,amin_60Q,0180721SF,57,NA,NA,NA,NA,NA,3.095,0.853,NA,NA,NA,66,22,11,7,5,5,4,3
SG PERAK,amin_60Q,0180761SF,57,NA,NA,NA,NA,NA,1.311,NA,-1.227,NA,NA,5,2,1,1,1,0,0,0
SG PERAK,amin_60Q,0180771SF,60,NA,NA,NA,NA,NA,2.094,NA,-4.585,NA,NA,8,4,2,1,0,0,0,-1
SG PERAK,amin_60Q,0180781SF,65,NA,NA,NA,NA,NA,4.86,0.423,NA,NA,NA,222,129,90,75,64,62,54,48
SG PERAK,amin_60Q,0180791SF,57,NA,NA,NA,NA,NA,4.849,NA,-109.528,NA,NA,28,18,12,9,7,6,4,3
SG PERAK,amin_60Q,0180821SF,64,NA,NA,NA,NA,NA,2.314,NA,-3.365,NA,NA,18,7,3,2,1,0,0,-1
SG PERAK,amin_60Q,0180961SF,54,-4.771,3.74,-0.872,NA,NA,NA,NA,NA,NA,NA,9,4,2,1,1,1,1,1
SG PERAK,amin_60Q,0181051SF,47,NA,NA,NA,NA,NA,4.12,NA,-21.155,NA,NA,71,40,26,20,16,15,11,9
SG PERAK,amin_60Q,0181111SF,43,NA,NA,NA,NA,NA,2.139,NA,-4.111,NA,NA,9,4,2,1,1,0,0,0
SG PERLIS,amin_60Q,0010311SF,37,NA,NA,NA,NA,NA,-2.422,NA,0.081,NA,NA,0,0,0,0,0,0,0,0
SG PERLIS,amin_60Q,0010381SF,23,NA,NA,NA,NA,NA,-0.963,0.979,NA,NA,NA,1,0,0,0,0,0,0,0
SG SADONG,amin_60Q,1004438,28,NA,NA,NA,NA,NA,1.513,NA,4.103,NA,NA,19,9,6,6,5,5,5,5
SG SADONG,amin_60Q,1005447,13,NA,NA,NA,NA,NA,1.826,NA,0.55,NA,NA,15,7,4,3,3,3,2,2
SG SADONG,amin_60Q,1108401,27,NA,NA,NA,NA,NA,1.182,NA,-1.456,NA,NA,6,2,0,0,0,0,-1,-1
SG SADONG,amin_60Q,1790191SF,33,NA,NA,NA,NA,NA,0.871,1.066,NA,NA,NA,9,2,1,1,0,0,0,0
SG SADONG,amin_60Q,1790201SF,35,NA,NA,NA,NA,NA,2.327,0.193,NA,NA,NA,13,10,9,8,7,7,7,7
SG SADONG,amin_60Q,1790241SF,34,NA,NA,NA,NA,NA,2.084,NA,0.752,NA,NA,12,9,7,7,6,6,6,5
SG SEDELI BESAR,amin_60Q,0470181SF,19,NA,NA,NA,NA,NA,1.772,NA,-3.562,NA,NA,4,2,1,1,1,1,0,0
SG SELANGOR,amin_60Q,0210241SF,65,-29.498,9.21,-0.279,NA,NA,NA,NA,NA,NA,NA,38,26,18,14,11,10,8,6
SG SELANGOR,amin_60Q,0210341SF,15,-6.686,1.291,0,NA,NA,NA,NA,NA,NA,NA,8,6,5,4,3,3,2,1
SG SELANGOR,amin_60Q,0210631SF,11,-24.228,7.079,-0.156,NA,NA,NA,NA,NA,NA,NA,31,22,15,11,7,6,4,1
SG TERENGGANU,amin_60Q,0670151SF,59,NA,NA,NA,NA,NA,6.073,NA,-314.463,NA,NA,209,120,70,46,28,22,8,-5
SG TERENGGANU,amin_60Q,0670271SF,42,-14.703,4.747,-0.411,NA,NA,NA,NA,NA,NA,NA,19,13,9,8,7,6,5,5
SG TERENGGANU,amin_60Q,0670311SF,19,-5.031,1.457,-0.867,NA,NA,NA,NA,NA,NA,NA,7,5,4,4,3,3,3,3
SG. BESUT,amin_60Q,0700071SF,44,-8.887,9.496,-1.132,NA,NA,NA,NA,NA,NA,NA,22,6,2,1,1,1,1,1
Sabah,amin_90Q,0750011SF,30,NA,NA,NA,NA,NA,5.671,NA,-242.963,NA,NA,74,47,31,23,16,14,9,4
Sabah,amin_90Q,0750051SF,13,NA,NA,3.44,0.298,NA,NA,NA,NA,NA,NA,20,10,6,5,4,3,3,2
Sabah,amin_90Q,1040091SF,51,-129.61,37.912,0,NA,NA,NA,NA,NA,NA,NA,161,116,73,44,17,8,-18,-45
Sabah,amin_90Q,1040391SF,13,NA,NA,NA,NA,NA,3.177,NA,-14.145,NA,NA,13,10,8,7,6,6,5,4
Sabah,amin_90Q,1160031SF,35,-21.689,12.881,-0.678,NA,NA,NA,NA,NA,NA,NA,36,18,10,7,5,5,4,4
Sabah,amin_90Q,1160091SF,52,NA,NA,NA,NA,NA,5.092,NA,-102.079,NA,NA,138,61,24,8,-3,-6,-15,-22
Sabah,amin_90Q,1160161SF,26,NA,NA,NA,NA,NA,0.69,NA,-1.665,NA,NA,1,0,0,0,0,0,0,0
Sabah,amin_90Q,1280011SF,33,NA,NA,NA,NA,NA,4,NA,-48.377,NA,NA,10,6,4,3,2,2,1,0
Sabah,amin_90Q,1390021SF,20,NA,NA,NA,NA,NA,2.252,NA,-4.804,NA,NA,11,5,2,1,0,0,-1,-1
Sabah,amin_90Q,1400031SF,50,-16.436,10.565,-0.707,NA,NA,NA,NA,NA,NA,NA,29,13,7,5,3,3,2,2
Sabah,amin_90Q,1400041SF,52,NA,NA,2.326,0.148,NA,NA,NA,NA,NA,NA,30,14,7,5,3,3,2,2
Sabah,amin_90Q,1460211SF,51,NA,NA,NA,NA,NA,6.733,NA,-782.032,NA,NA,92,58,36,25,16,14,6,0
Sabah,amin_90Q,1460281SF,39,-127.678,56.541,-0.424,NA,NA,NA,NA,NA,NA,NA,185,108,65,46,32,29,20,13
Sabah,amin_90Q,1460521SF,24,NA,NA,5.998,0.243,NA,NA,NA,NA,NA,NA,38,23,16,13,11,10,9,7
Sabah,amin_90Q,1460561SF,20,NA,NA,NA,NA,NA,3.24,NA,-21.585,NA,NA,7,4,2,1,1,1,0,0
Sarawak,amin_90Q,1015401,27,-0.605,0.283,-1.034,NA,NA,NA,NA,NA,NA,NA,1,1,0,0,0,0,0,0
Sarawak,amin_90Q,1301427,15,NA,NA,NA,NA,NA,5.548,0.154,NA,NA,NA,313,257,226,211,199,196,187,179
Sarawak,amin_90Q,1302428,26,NA,NA,NA,NA,NA,2.313,NA,4.286,NA,NA,30,14,10,8,7,7,7,6
Sarawak,amin_90Q,1415401,31,NA,NA,NA,NA,NA,2.308,NA,2.012,NA,NA,28,12,7,6,5,5,4,4
Sarawak,amin_90Q,1515401,25,NA,NA,NA,NA,NA,2.757,NA,6.123,NA,NA,32,22,18,16,15,14,13,13
Sarawak,amin_90Q,3541401,24,NA,NA,4.315,0.047,NA,NA,NA,NA,NA,NA,152,85,54,42,33,31,25,21
SG BERNAM,amin_90Q,0190211SF,63,NA,NA,NA,NA,NA,1.928,NA,-2.097,NA,NA,9,5,3,2,2,2,1,1
SG BERNAM,amin_90Q,0190241SF,63,NA,NA,NA,NA,NA,4.886,NA,-123.124,NA,NA,17,9,5,2,0,0,-2,-3
SG BERNAM,amin_90Q,0190251SF,61,NA,NA,NA,NA,NA,3.951,NA,-25.09,NA,NA,39,27,20,17,15,14,12,11
SG BERNAM,amin_90Q,0190621SF,12,NA,NA,NA,NA,NA,2.437,0.241,NA,NA,NA,16,11,9,8,8,8,7,7
SG BERNAM,amin_90Q,0190631SF,12,NA,NA,NA,NA,NA,3.036,0.097,NA,NA,NA,24,21,19,18,18,18,17,17
SG DUNGUN,amin_90Q,0630111SF,51,-49.571,22.49,-0.33,NA,NA,NA,NA,NA,NA,NA,71,42,23,14,7,5,0,-4
SG ENDAU,amin_90Q,0500171SF,55,NA,NA,2.631,0.662,NA,NA,NA,NA,NA,NA,7,3,2,1,1,1,1,0
SG ENDAU,amin_90Q,0500221SF,25,NA,NA,NA,NA,NA,2.367,0.479,NA,NA,NA,20,11,7,6,5,5,4,3
SG ENDAU,amin_90Q,0500291SF,47,NA,NA,2.97,0.224,NA,NA,NA,NA,NA,NA,24,12,7,5,4,3,2,2
SG GOLOK,amin_90Q,0740121SF,60,NA,NA,NA,NA,NA,2.847,NA,-1.519,NA,NA,40,16,8,6,4,4,3,2
SG JOHOR,amin_90Q,0430211SF,55,NA,NA,NA,NA,NA,2.947,NA,-4.79,NA,NA,23,14,10,8,7,6,5,5
SG JOHOR,amin_90Q,0430341SF,48,NA,NA,3.012,0.438,NA,NA,NA,NA,NA,NA,12,6,4,3,2,2,1,1
SG KELANTAN,amin_90Q,0730351SF,62,-229.537,94.719,-0.488,NA,NA,NA,NA,NA,NA,NA,328,198,129,100,81,76,64,56
SG KEMAMAN,amin_90Q,0600081SF,48,NA,NA,NA,NA,NA,3.065,NA,-7.928,NA,NA,23,14,9,7,6,5,4,3
SG KEMAMAN,amin_90Q,0600171SF,23,NA,NA,NA,NA,NA,2.153,NA,0.201,NA,NA,20,9,5,4,3,3,2,2
SG KEMAMAN,amin_90Q,0600181SF,23,NA,NA,NA,NA,NA,-2.268,2.214,NA,NA,NA,2,0,0,0,0,0,0,0
SG KERIAN,amin_90Q,0090211SF,60,-17.759,7.883,-0.416,NA,NA,NA,NA,NA,NA,NA,26,15,9,6,4,4,3,2
SG KESANG,amin_90Q,0310011SF,65,NA,NA,NA,NA,NA,-0.298,NA,-0.046,NA,NA,2,1,0,0,0,0,0,0
SG KIMANIS,amin_90Q,1410031SF,9,-3.119,1.123,-0.32,NA,NA,NA,NA,NA,NA,NA,4,3,2,1,1,1,1,0
SG KINABATANGAN,amin_90Q,1040131SF,41,NA,NA,NA,NA,NA,6.63,NA,-558.611,NA,NA,339,199,119,81,51,42,19,-2
SG KINABATANGAN,amin_90Q,1040181SF,35,NA,NA,NA,NA,NA,9.407,NA,-12008.518,NA,NA,277,171,101,65,35,27,2,-20
SG KINABATANGAN,amin_90Q,1160281SF,20,NA,NA,NA,NA,NA,8.937,NA,-7528.753,NA,NA,111,77,55,44,34,31,23,16
SG KLANG,amin_90Q,0230291SF,51,NA,NA,NA,NA,NA,2.706,NA,-11.258,NA,NA,7,4,2,1,0,0,-1,-1
SG KLANG,amin_90Q,0230311SF,53,NA,NA,1.347,0.517,NA,NA,NA,NA,NA,NA,6,2,1,0,0,0,0,0
SG KLANG,amin_90Q,0230361SF,50,NA,NA,NA,NA,NA,2.618,0.707,NA,NA,NA,34,14,8,6,4,4,3,3
SG KRIAN,amin_90Q,1813401,21,-0.902,0.445,-0.927,NA,NA,NA,NA,NA,NA,NA,1,1,1,0,0,0,0,0
SG KUANTAN,amin_90Q,0570011SF,42,NA,NA,NA,NA,NA,3.096,NA,-10.308,NA,NA,29,12,5,2,0,0,-1,-2
SG LANGAT,amin_90Q,0240251SF,62,NA,NA,NA,NA,NA,2.601,NA,2.645,NA,NA,28,16,11,10,9,8,7,7
SG LANGAT,amin_90Q,0240261SF,46,NA,NA,NA,NA,NA,1.581,NA,0.454,NA,NA,11,5,3,3,2,2,2,2
SG LANGAT,amin_90Q,0240311SF,59,NA,NA,3.636,2.83,NA,NA,NA,NA,NA,NA,2,1,1,1,0,0,0,0
SG LANGAT,amin_90Q,0240351SF,51,NA,NA,NA,NA,NA,1.072,NA,0.044,NA,NA,7,3,2,1,1,1,1,1
SG LANGAT,amin_90Q,0240491SF,11,NA,NA,NA,NA,NA,1.468,NA,20.568,NA,NA,50,25,22,21,21,21,21,21
SG LINGGI,amin_90Q,0270171SF,65,NA,NA,NA,NA,NA,3.564,NA,-28.065,NA,NA,14,7,3,2,0,0,-1,-2
SG LINGGI,amin_90Q,0270181SF,49,NA,NA,NA,NA,NA,0.615,NA,-0.421,NA,NA,4,1,1,0,0,0,0,0
SG LINGGI,amin_90Q,0270191SF,58,NA,NA,NA,NA,NA,0.278,NA,-0.322,NA,NA,3,1,0,0,0,0,0,0
SG LINGGI,amin_90Q,0270241SF,11,NA,NA,NA,NA,NA,0.7,NA,-1.812,NA,NA,0,0,0,0,0,0,0,0
SG LINGGI,amin_90Q,0270311SF,23,NA,NA,NA,NA,NA,2.772,NA,-9.859,NA,NA,17,6,2,0,-1,-2,-3,-3
SG MELAKA,amin_90Q,0290141SF,64,NA,NA,NA,NA,NA,0.881,0.826,NA,NA,NA,7,2,1,1,1,1,0,0
SG MELAKA,amin_90Q,0290161SF,49,NA,NA,NA,NA,NA,-1.002,0.711,NA,NA,NA,1,0,0,0,0,0,0,0
SG MERANG,amin_90Q,0680091SF,45,NA,NA,NA,NA,NA,0.904,NA,-2.11,NA,NA,1,0,0,0,0,0,0,0
SG MUAR,amin_90Q,0320461SF,50,NA,NA,1.599,0.628,NA,NA,NA,NA,NA,NA,5,2,1,1,0,0,0,0
SG MUAR,amin_90Q,0320471SF,60,NA,NA,NA,NA,NA,2.918,NA,-13.2,NA,NA,12,5,2,1,0,-1,-2,-2
SG MUAR,amin_90Q,0320481SF,58,NA,NA,NA,NA,NA,0.987,3.575,NA,NA,NA,267,3,0,0,0,0,0,0
SG MUAR,amin_90Q,0320651SF,10,-6.696,1.883,0,NA,NA,NA,NA,NA,NA,NA,8,6,4,2,1,1,-1,-2
SG MUAR,amin_90Q,0320851SF,15,-5.35,5.168,-1.065,NA,NA,NA,NA,NA,NA,NA,12,4,1,1,1,1,1,1
SG MUDA,amin_90Q,0050011SF,64,NA,NA,NA,NA,NA,3.249,NA,3.253,NA,NA,64,29,18,14,12,11,10,9
SG MUDA,amin_90Q,0050181SF,61,NA,NA,NA,NA,NA,2.209,0.933,NA,NA,NA,30,9,4,3,2,2,1,1
SG MUDA,amin_90Q,0050301SF,38,NA,NA,NA,NA,NA,2.218,0.56,NA,NA,NA,19,9,6,4,4,3,3,2
SG PAHANG,amin_90Q,0550801SF,62,NA,NA,NA,NA,NA,1.736,NA,-3.484,NA,NA,5,2,1,0,0,0,-1,-1
SG PAHANG,amin_90Q,0550811SF,62,NA,NA,NA,NA,NA,2.715,NA,-8.854,NA,NA,11,6,4,3,2,1,1,0
SG PAHANG,amin_90Q,0550981SF,58,NA,NA,NA,NA,NA,5.491,NA,-5.284,NA,NA,410,237,165,137,117,111,98,86
SG PAHANG,amin_90Q,0551071SF,60,NA,NA,NA,NA,NA,3.208,NA,1.821,NA,NA,84,27,13,9,7,7,5,5
SG PAHANG,amin_90Q,0551111SF,55,NA,NA,NA,NA,NA,2.456,NA,-7.653,NA,NA,7,4,2,2,1,1,1,0
SG PAHANG,amin_90Q,0551251SF,51,NA,NA,NA,NA,NA,3.03,NA,-16.02,NA,NA,10,5,2,1,0,-1,-1,-2
SG PERAI,amin_90Q,0060111SF,62,NA,NA,2.821,0.902,NA,NA,NA,NA,NA,NA,6,3,2,1,1,1,1,0
SG PERAK,amin_90Q,0180691SF,17,NA,NA,NA,NA,NA,2.935,NA,-15.869,NA,NA,4,3,2,2,2,1,1,1
SG PERAK,amin_90Q,0180721SF,57,NA,NA,NA,NA,NA,3.147,0.829,NA,NA,NA,68,23,12,8,6,5,4,3
SG PERAK,amin_90Q,0180761SF,57,NA,NA,NA,NA,NA,1.347,NA,-1.014,NA,NA,6,3,2,1,1,1,0,0
SG PERAK,amin_90Q,0180771SF,60,NA,NA,NA,NA,NA,2.469,NA,-7.75,NA,NA,8,4,2,1,0,0,0,-1
SG PERAK,amin_90Q,0180781SF,65,NA,NA,NA,NA,NA,4.898,0.402,NA,NA,NA,225,134,96,80,69,66,59,53
SG PERAK,amin_90Q,0180791SF,57,NA,NA,5.746,0.295,NA,NA,NA,NA,NA,NA,30,18,13,10,8,8,7,6
SG PERAK,amin_90Q,0180821SF,64,NA,NA,NA,NA,NA,2.482,NA,-4.672,NA,NA,18,7,3,2,1,0,0,-1
SG PERAK,amin_90Q,0180961SF,54,NA,NA,NA,NA,NA,1.747,NA,-1.782,NA,NA,9,4,2,1,1,1,0,0
SG PERAK,amin_90Q,0181051SF,47,NA,NA,NA,NA,NA,4.498,NA,-44.191,NA,NA,73,46,31,25,20,18,15,11
SG PERAK,amin_90Q,0181111SF,43,NA,NA,NA,NA,NA,2.377,NA,-5.82,NA,NA,10,5,3,2,1,1,0,0
SG PERLIS,amin_90Q,0010311SF,37,NA,NA,NA,NA,NA,-1.92,NA,0.065,NA,NA,1,0,0,0,0,0,0,0
SG PERLIS,amin_90Q,0010381SF,23,NA,NA,NA,NA,NA,-0.767,0.988,NA,NA,NA,2,0,0,0,0,0,0,0
SG SADONG,amin_90Q,1004438,28,NA,NA,NA,NA,NA,1.601,NA,5.372,NA,NA,20,10,8,7,7,6,6,6
SG SADONG,amin_90Q,1005447,13,NA,NA,NA,NA,NA,1.833,NA,1.565,NA,NA,16,8,5,4,4,4,3,3
SG SADONG,amin_90Q,1108401,27,NA,NA,1.427,0.453,NA,NA,NA,NA,NA,NA,7,2,1,1,0,0,0,0
SG SADONG,amin_90Q,1790191SF,33,NA,NA,1.144,0.267,NA,NA,NA,NA,NA,NA,10,3,1,1,0,0,0,0
SG SADONG,amin_90Q,1790201SF,35,NA,NA,NA,NA,NA,2.499,NA,-1.002,NA,NA,14,11,9,9,8,8,7,7
SG SADONG,amin_90Q,1790241SF,34,NA,NA,NA,NA,NA,1.659,NA,4.782,NA,NA,13,10,9,8,8,7,7,7
SG SEDELI BESAR,amin_90Q,0470181SF,19,NA,NA,NA,NA,NA,1.613,NA,-2.156,NA,NA,5,3,2,1,1,1,1,0
SG SELANGOR,amin_90Q,0210241SF,65,-31.975,9.814,-0.307,NA,NA,NA,NA,NA,NA,NA,41,29,20,16,13,12,10,8
SG SELANGOR,amin_90Q,0210341SF,15,-7.231,1.438,0,NA,NA,NA,NA,NA,NA,NA,8,7,5,4,3,3,2,1
SG SELANGOR,amin_90Q,0210631SF,11,-25.086,6.283,0,NA,NA,NA,NA,NA,NA,NA,30,23,16,11,6,5,1,-4
SG TERENGGANU,amin_90Q,0670151SF,59,NA,NA,3.926,0.03,NA,NA,NA,NA,NA,NA,218,119,74,56,44,41,32,26
SG TERENGGANU,amin_90Q,0670271SF,42,NA,NA,NA,NA,NA,3.858,NA,-33.281,NA,NA,21,14,10,8,7,6,5,4
SG TERENGGANU,amin_90Q,0670311SF,19,NA,NA,NA,NA,NA,0.959,NA,2.309,NA,NA,7,5,4,4,4,4,3,3
SG. BESUT,amin_90Q,0700071SF,44,-9.307,9.967,-1.144,NA,NA,NA,NA,NA,NA,NA,23,6,2,1,1,1,1,1
